SampleID,Region,SceneID,product_type,spacecraft_id,sensor_id,AcquisitionDate,StartTime,EndTime,Width,Height,UTMZone,SunAzimuth,SunElevation,LookAngle,ULLat,ULLon,URLat,URLon,LLLat,LLLon,LRLat,LRLon,reference_datum,reference_ellipsoid,grid_cell_size,map_projection,elevation_source,radiance_scaling_vnir,radiance_scaling_swir,abnormal_pixels,inoperable_detectors,striping,country,Size
1,CALIFORNIA,EO1H0420342007273110PF,L1GST,EO1,HYPERION,2007-09-30,2007 273 18:16:31,2007 273 18:20:50,1061,3231,11,147.121489,45.508158,-5.6563,36.934466,-119.457982,36.92126,-119.37648,36.077337,-119.697232,36.064266,-119.616271,WGS84,WGS84,30.0,UTM,SRTM-2,40,80,Y,Y,N,UNITED STATES,1061x3231
2,CALIFORNIA,EO1H0420342008069110PY,L1GST,EO1,HYPERION,2008-03-09,2008 069 18:20:01,2008 069 18:24:21,1161,3491,11,143.116865,41.404759,-3.0984,38.128766,-119.660073,38.115226,-119.576511,37.202956,-119.931791,37.189575,-119.848898,WGS84,WGS84,30.0,UTM,SRTM-2,40,80,Y,Y,N,UNITED STATES,1161x3491
3,CALIFORNIA,EO1H0420342010330110PF,L1GST,EO1,HYPERION,2010-11-26,2010 330 18:21:54,2010 330 18:26:13,1151,3441,11,158.003842,28.812284,1.0355,37.541523,-119.652637,37.527916,-119.571438,36.626014,-119.922519,36.612551,-119.842266,WGS84,WGS84,30.0,UTM,SRTM-2,40,80,Y,Y,N,UNITED STATES,1151x3441
4,CALIFORNIA,EO1H0420342013112110K6,L1GST,EO1,HYPERION,2013-04-22,2013 112 18:05:27,2013 112 18:09:47,1171,3451,11,128.026879,55.190751,4.4403,37.665098,-119.614863,37.651207,-119.533184,36.749072,-119.887208,36.735337,-119.806149,WGS84,WGS84,30.0,UTM,SRTM-2,40,80,Y,Y,N,UNITED STATES,1171x3451
5,CALIFORNIA,EO1H0420342013138110KG,L1GST,EO1,HYPERION,2013-05-18,2013 138 17:52:06,2013 138 17:56:41,1971,7031,11,115.136422,58.400495,-17.029,38.162309,-119.499035,38.149541,-119.411695,36.277013,-119.997928,36.263803,-119.908999,WGS84,WGS84,30.0,UTM,SRTM-2,40,80,Y,Y,N,UNITED STATES,1971x7031
6,CALIFORNIA,EO1H0420342015209110K7,L1GST,EO1,HYPERION,2015-07-28,2015 209 17:06:12,2015 209 17:10:32,1131,3451,11,102.812653,47.384063,0.4071,37.667205,-119.617319,37.65409,-119.537364,36.748925,-119.882162,36.735964,-119.802476,WGS84,WGS84,30.0,UTM,SRTM-2,40,80,Y,Y,N,UNITED STATES,1131x3451
7,CALIFORNIA,EO1H0420342015220110KF,L1GST,EO1,HYPERION,2015-08-08,2015 220 17:10:56,2015 220 17:15:15,1151,3221,11,107.578742,46.770872,10.951,37.792067,-119.569594,37.777368,-119.486395,36.938648,-119.828346,36.923847,-119.745037,WGS84,WGS84,30.0,UTM,SRTM-2,40,80,Y,Y,N,UNITED STATES,1151x3221
8,CALIFORNIA,EO1H0420352012171110K2,L1GST,EO1,HYPERION,2012-06-19,2012 171 18:11:12,2012 171 18:15:32,921,3541,10,111.533205,63.312068,-6.6292,36.946152,-119.95046,36.932669,-119.868587,36.01297,-120.20757,35.999434,-120.126617,WGS84,WGS84,30.0,UTM,SRTM-2,40,80,Y,Y,N,UNITED STATES,921x3541
9,CALIFORNIA,EO1H0420352012213110K1,L1GST,EO1,HYPERION,2012-07-31,2012 213 18:16:04,2012 213 18:20:24,971,3481,10,120.169936,59.912226,4.3949,36.846933,-119.971231,36.83238,-119.889162,35.934265,-120.241597,35.919667,-120.160418,WGS84,WGS84,30.0,UTM,SRTM-2,40,80,Y,Y,N,UNITED STATES,971x3481
10,CALIFORNIA,EO1H0420352014072110K2,L1GST,EO1,HYPERION,2014-03-13,2014 072 17:45:49,2014 072 17:50:09,931,3481,10,132.012722,38.832579,-0.401,36.918294,-119.94989,36.904569,-119.869064,36.001963,-120.210954,35.988176,-120.130684,WGS84,WGS84,30.0,UTM,SRTM-2,40,80,Y,Y,N,UNITED STATES,931x3481
11,CALIFORNIA,EO1H0420352015236110K2,L1GST,EO1,HYPERION,2015-08-24,2015 236 17:00:22,2015 236 17:04:41,911,3471,10,110.321832,42.226995,-7.0086,36.887136,-119.968288,36.873947,-119.8868,35.970448,-120.216058,35.95719,-120.135137,WGS84,WGS84,30.0,UTM,SRTM-2,40,80,Y,Y,N,UNITED STATES,911x3471
12,CALIFORNIA,EO1H0420352016053110K2,L1GST,EO1,HYPERION,2016-02-22,2016 053 16:46:24,2016 053 16:50:43,951,3591,10,123.454656,22.981536,1.0151,36.903266,-119.954193,36.889849,-119.874713,35.955488,-120.223895,35.942013,-120.144985,WGS84,WGS84,30.0,UTM,SRTM-2,40,80,Y,Y,N,UNITED STATES,951x3591
13,CALIFORNIA,EO1H0430332001154111P0,L1GST,EO1,HYPERION,2001-06-03,2001 154 18:29:32,2001 154 18:34:02,1631,6631,10,123.580796,64.562331,-3.4452,39.764347,-120.502846,39.750028,-120.416588,38.002081,-121.031245,37.987923,-120.946279,WGS84,WGS84,30.0,UTM,SRTM-2,40,80,Y,Y,N,UNITED STATES,1631x6631
14,CALIFORNIA,EO1H0430332001282111P3,L1GST,EO1,HYPERION,2001-10-09,2001 282 18:27:58,2001 282 18:32:27,1591,6411,10,152.914839,40.766994,-3.1856,39.921892,-120.391828,39.907477,-120.305053,38.216738,-120.906571,38.202484,-120.821387,WGS84,WGS84,30.0,UTM,SRTM-2,40,80,Y,Y,N,UNITED STATES,1591x6411
15,CALIFORNIA,EO1H0430332013120110P3,L1GST,EO1,HYPERION,2013-04-30,2013 120 18:08:33,2013 120 18:13:09,1741,7061,10,126.455457,56.254603,-0.1016,39.467482,-120.693431,39.453648,-120.610612,37.58845,-121.255565,37.574787,-121.174403,WGS84,WGS84,30.0,UTM,SRTM-2,40,80,Y,Y,N,UNITED STATES,1741x7061
16,CALIFORNIA,EO1H0430332015055110P3,L1GST,EO1,HYPERION,2015-02-24,2015 055 17:23:32,2015 055 17:28:08,1691,7061,10,130.745944,27.728466,-3.7087,39.478105,-120.697612,39.464523,-120.613727,37.598264,-121.242762,37.585117,-121.160562,WGS84,WGS84,30.0,UTM,SRTM-2,40,80,Y,Y,N,UNITED STATES,1691x7061
17,CALIFORNIA,EO1H0430332015166110KF,L1GST,EO1,HYPERION,2015-06-15,2015 166 17:21:52,2015 166 17:26:11,1001,3251,10,102.205707,52.806946,10.392,38.994311,-120.825216,38.979192,-120.740575,38.142637,-121.095598,38.127173,-121.010525,WGS84,WGS84,30.0,UTM,SRTM-2,40,80,Y,Y,N,UNITED STATES,1001x3251
18,CALIFORNIA,EO1H0430332016170110KF,L1GST,EO1,HYPERION,2016-06-18,2016 170 16:32:32,2016 170 16:36:51,901,3301,10,92.764099,43.133756,-10.364,38.961112,-120.857035,38.947874,-120.770647,38.089932,-121.09628,38.076907,-121.011553,WGS84,WGS84,30.0,UTM,SRTM-2,40,80,Y,Y,N,UNITED STATES,901x3301
19,CALIFORNIA,EO1H0430342001202111PP,L1GST,EO1,HYPERION,2001-07-21,2001 202 18:29:25,2001 202 18:33:55,1651,6641,10,121.778451,62.385889,-0.766,38.589775,-120.480709,38.575493,-120.396211,36.825525,-121.00497,36.811397,-120.92199,WGS84,WGS84,30.0,UTM,SRTM-2,40,80,Y,Y,N,UNITED STATES,1651x6641
20,CALIFORNIA,EO1H0430342003064110PZ,L1GST,EO1,HYPERION,2003-03-05,2003 064 18:29:00,2003 064 18:30:08,881,2951,10,144.686731,39.857187,-3.0204,38.101962,-120.897775,38.087444,-120.813119,37.325543,-121.125559,37.311211,-121.041723,WGS84,WGS84,30.0,UTM,SRTM-2,40,80,Y,Y,N,UNITED STATES,881x2951
21,CALIFORNIA,EO1H0430342003080110PZ,L1GST,EO1,HYPERION,2003-03-21,2003 080 18:28:57,2003 080 18:30:05,881,2961,10,141.898356,45.897994,-3.1439,38.102521,-120.898784,38.088268,-120.813778,37.325819,-121.12589,37.311763,-121.042385,WGS84,WGS84,30.0,UTM,SRTM-2,40,80,Y,Y,N,UNITED STATES,881x2961
22,CALIFORNIA,EO1H0430342017071110KF,L1GST,EO1,HYPERION,2017-03-12,2017 071 15:55:40,2017 071 15:59:58,871,3271,10,109.338258,18.837266,-13.434,37.825239,-120.38999,37.81192,-120.30265,36.964336,-120.614883,36.950953,-120.528825,WGS84,WGS84,30.0,UTM,SRTM-2,40,80,Y,Y,N,UNITED STATES,871x3271
23,CALIFORNIA,EO1H0440332002077110KY,L1GST,EO1,HYPERION,2002-03-18,2002 077 18:28:48,2002 077 18:29:57,921,3181,10,142.319535,43.818507,-8.4791,39.103314,-121.396707,39.089094,-121.30833,38.265883,-121.636913,38.25187,-121.550187,WGS84,WGS84,30.0,UTM,SRTM-2,40,80,Y,Y,N,UNITED STATES,921x3181
24,CALIFORNIA,EO1H0440332003078110KX,L1GST,EO1,HYPERION,2003-03-19,2003 078 18:41:09,2003 078 18:42:17,1001,2961,10,145.801746,46.249057,15.103,38.283124,-121.227307,38.265768,-121.136267,37.512411,-121.486452,37.49498,-121.394593,WGS84,WGS84,30.0,UTM,SRTM-2,40,80,Y,Y,N,UNITED STATES,1001x2961
25,CALIFORNIA,EO1H0440332004170110PW,L1GST,EO1,HYPERION,2004-06-18,2004 170 18:35:15,2004 170 18:36:25,1021,3391,10,120.837491,65.229707,0.9423,39.031528,-121.594507,39.016954,-121.508945,38.136682,-121.869012,38.122052,-121.784444,WGS84,WGS84,30.0,UTM,SRTM-2,40,80,Y,Y,N,UNITED STATES,1021x3391
26,CALIFORNIA,EO1H0440332012182110K6,L1GST,EO1,HYPERION,2012-06-30,2012 182 18:30:41,2012 182 18:35:02,1111,3491,10,119.114492,64.358565,15.111,38.76206,-121.40853,38.745135,-121.319238,37.84681,-121.708426,37.830127,-121.619825,WGS84,WGS84,30.0,UTM,SRTM-2,40,80,Y,Y,N,UNITED STATES,1111x3491
27,CALIFORNIA,EO1H0440332012234110KD,L1GST,EO1,HYPERION,2012-08-21,2012 234 18:17:39,2012 234 18:21:58,981,3471,10,129.775971,53.932949,-6.6278,38.765195,-121.634964,38.75147,-121.550042,37.84979,-121.89489,37.836272,-121.81131,WGS84,WGS84,30.0,UTM,SRTM-2,40,80,Y,Y,N,UNITED STATES,981x3471
28,CALIFORNIA,EO1H0440332012237110KK,L1GST,EO1,HYPERION,2012-08-24,2012 237 18:31:51,2012 237 18:36:10,1181,3531,10,135.875864,55.434433,18.806,38.579107,-121.537593,38.560869,-121.443702,37.655771,-121.850844,37.637534,-121.758381,WGS84,WGS84,30.0,UTM,SRTM-2,40,80,Y,Y,N,UNITED STATES,1181x3531
29,CALIFORNIA,EO1H0440332012239110KE,L1GST,EO1,HYPERION,2012-08-26,2012 239 18:08:48,2012 239 18:13:07,961,3481,10,129.089596,51.473294,-21.048,38.707224,-121.671583,38.692819,-121.572953,37.78984,-121.902942,37.77591,-121.804804,WGS84,WGS84,30.0,UTM,SRTM-2,40,80,Y,Y,N,UNITED STATES,961x3481
30,CALIFORNIA,EO1H0440332015125110KF,L1GST,EO1,HYPERION,2015-05-05,2015 125 17:10:42,2015 125 17:15:00,911,3261,10,108.253328,46.750129,-20.215,38.621092,-121.657318,38.607239,-121.560524,37.76036,-121.873406,37.746435,-121.77804,WGS84,WGS84,30.0,UTM,SRTM-2,40,80,Y,Y,N,UNITED STATES,911x3261
31,CALIFORNIA,EO1H0440342001273110PF,L1GST,EO1,HYPERION,2001-09-30,2001 273 18:34:40,2001 273 18:39:09,1711,6401,10,150.414669,45.165726,3.0545,38.526793,-121.484309,38.511877,-121.399342,36.823209,-122.00267,36.808693,-121.919502,WGS84,WGS84,30.0,UTM,SRTM-2,40,80,Y,Y,N,UNITED STATES,1711x6401
32,CALIFORNIA,EO1H0440342002212110PY,L1GST,EO1,HYPERION,2002-07-31,2002 212 18:34:44,2002 212 18:35:52,921,2951,10,124.72121,60.878846,0.4059,37.94311,-122.020746,37.928593,-121.936375,37.167666,-122.251927,37.153325,-122.168713,WGS84,WGS84,30.0,UTM,SRTM-2,40,80,Y,Y,N,UNITED STATES,921x2951
33,CALIFORNIA,EO1H0440342002276110PX,L1GST,EO1,HYPERION,2002-10-03,2002 276 18:34:18,2002 276 18:35:26,921,2951,10,150.772256,44.476471,2.6154,37.692334,-121.801862,37.677943,-121.718497,36.917045,-122.035467,36.902283,-121.952236,WGS84,WGS84,30.0,UTM,SRTM-2,40,80,Y,Y,N,UNITED STATES,921x2951
34,CALIFORNIA,EO1H0440342004074110PY,L1GST,EO1,HYPERION,2004-03-14,2004 074 18:35:47,2004 074 18:36:56,971,3181,10,143.541558,43.972099,0.2771,37.890632,-122.050789,37.87614,-121.966807,37.054923,-122.299935,37.040614,-122.216492,WGS84,WGS84,30.0,UTM,SRTM-2,40,80,Y,Y,N,UNITED STATES,971x3181
35,CALIFORNIA,EO1H0440342004154110PW,L1GST,EO1,HYPERION,2004-06-02,2004 154 18:35:34,2004 154 18:37:00,1831,6941,10,121.436169,65.371608,0.728,38.388705,-121.845467,38.374056,-121.760919,36.53515,-122.399489,36.521183,-122.316544,WGS84,WGS84,30.0,UTM,SRTM-2,40,80,Y,Y,N,UNITED STATES,1831x6941
36,CALIFORNIA,EO1H0440342007327110P0,L1GST,EO1,HYPERION,2007-11-23,2007 327 18:31:40,2007 327 18:36:01,1161,3971,10,157.838713,28.759184,-1.0475,38.306233,-122.379609,38.292247,-122.296095,37.256431,-122.690846,37.242399,-122.608442,WGS84,WGS84,30.0,UTM,SRTM-2,40,80,Y,Y,N,UNITED STATES,1161x3971
37,CALIFORNIA,EO1H0440342007332110K1,L1GST,EO1,HYPERION,2007-11-28,2007 332 18:27:34,2007 332 18:31:55,1121,3961,10,156.765255,27.451825,-8.3511,38.259576,-122.402291,38.245865,-122.31677,37.210206,-122.697459,37.196713,-122.613078,WGS84,WGS84,30.0,UTM,SRTM-2,40,80,Y,Y,N,UNITED STATES,1121x3961
38,CALIFORNIA,EO1H0440342010085110PV,L1GST,EO1,HYPERION,2010-03-26,2010 085 18:29:44,2010 085 18:34:04,1031,3531,10,140.314058,47.873719,-1.4943,38.020996,-121.844047,38.007194,-121.762674,37.086973,-122.11804,37.073372,-122.037618,WGS84,WGS84,30.0,UTM,SRTM-2,40,80,Y,Y,N,UNITED STATES,1031x3531
39,CALIFORNIA,EO1H0440342010188110KA,L1GST,EO1,HYPERION,2010-07-07,2010 188 18:22:31,2010 188 18:26:51,981,3471,10,115.077599,62.385999,-14.405,37.994841,-121.879291,37.981264,-121.791116,37.078624,-122.122527,37.065249,-122.036383,WGS84,WGS84,30.0,UTM,SRTM-2,40,80,Y,Y,N,UNITED STATES,981x3471
40,CALIFORNIA,EO1H0440342012119110KC,L1GST,EO1,HYPERION,2012-04-28,2012 119 18:21:35,2012 119 18:25:55,1041,3691,10,128.539896,57.645768,-7.3752,38.052078,-122.088717,38.038688,-122.004182,37.075287,-122.362183,37.061832,-122.278691,WGS84,WGS84,30.0,UTM,SRTM-2,40,80,Y,Y,N,UNITED STATES,1041x3691
41,CALIFORNIA,EO1H0440342012143110K9,L1GST,EO1,HYPERION,2012-05-22,2012 143 18:39:31,2012 143 18:43:51,1251,3521,10,126.945808,65.204881,24.329,37.962552,-122.084701,37.942266,-121.984315,37.041966,-122.403285,37.021688,-122.303695,WGS84,WGS84,30.0,UTM,SRTM-2,40,80,Y,Y,N,UNITED STATES,1251x3521
42,CALIFORNIA,EO1H0440342012158110KF,L1GST,EO1,HYPERION,2012-06-06,2012 158 18:14:04,2012 158 18:18:24,981,3551,10,112.864539,62.39768,-16.031,37.348285,-121.845281,37.334669,-121.755503,36.410664,-122.088608,36.397255,-122.000872,WGS84,WGS84,30.0,UTM,SRTM-2,40,80,Y,Y,N,UNITED STATES,981x3551
43,CALIFORNIA,EO1H0440342012161110KA,L1GST,EO1,HYPERION,2012-06-09,2012 161 18:28:15,2012 161 18:32:34,1071,3521,10,117.577163,64.543385,6.6208,37.9683,-122.093857,37.953581,-122.011479,37.038867,-122.37868,37.024624,-122.297252,WGS84,WGS84,30.0,UTM,SRTM-2,40,80,Y,Y,N,UNITED STATES,1071x3521
44,CALIFORNIA,EO1H0440342012166110KC,L1GST,EO1,HYPERION,2012-06-14,2012 166 18:19:39,2012 166 18:24:00,1041,3701,10,113.858858,63.008086,-8.7596,37.983009,-122.108017,37.96964,-122.02424,37.004797,-122.379294,36.991628,-122.296548,WGS84,WGS84,30.0,UTM,SRTM-2,40,80,Y,Y,N,UNITED STATES,1041x3701
45,CALIFORNIA,EO1H0440342012190110K9,L1GST,EO1,HYPERION,2012-07-08,2012 190 18:36:32,2012 190 18:40:52,1201,3471,10,119.383137,64.570251,21.604,37.895177,-122.113516,37.875759,-122.016954,36.986614,-122.420574,36.967726,-122.325082,WGS84,WGS84,30.0,UTM,SRTM-2,40,80,Y,Y,N,UNITED STATES,1201x3471
46,CALIFORNIA,EO1H0440342012192110KD,L1GST,EO1,HYPERION,2012-07-10,2012 192 18:13:36,2012 192 18:17:56,981,3471,10,112.499259,60.252481,-17.739,37.908128,-122.146445,37.894451,-122.054573,36.992111,-122.384119,36.978352,-122.292305,WGS84,WGS84,30.0,UTM,SRTM-2,40,80,Y,Y,N,UNITED STATES,981x3471
47,CALIFORNIA,EO1H0440342012203110KF,L1GST,EO1,HYPERION,2012-07-21,2012 203 18:33:17,2012 203 18:37:36,1091,3291,10,121.389889,61.887104,13.602,38.293946,-122.52791,38.277609,-122.439263,37.430283,-122.807119,37.413889,-122.719776,WGS84,WGS84,30.0,UTM,SRTM-2,40,80,Y,Y,N,UNITED STATES,1091x3291
48,CALIFORNIA,EO1H0440342012355110K9,L1GST,EO1,HYPERION,2012-12-20,2012 355 18:30:01,2012 355 18:34:21,1181,3451,10,155.949453,25.26472,19.838,37.854184,-122.127646,37.835608,-122.033508,36.948257,-122.429623,36.9302,-122.336527,WGS84,WGS84,30.0,UTM,SRTM-2,40,80,Y,Y,N,UNITED STATES,1181x3451
49,CALIFORNIA,EO1H0440342012365110KC,L1GST,EO1,HYPERION,2012-12-30,2012 365 18:11:02,2012 365 18:15:23,1041,3751,10,150.27382,23.413521,-12.589,37.933976,-122.13148,37.920874,-122.045363,36.943233,-122.397653,36.930061,-122.311941,WGS84,WGS84,30.0,UTM,SRTM-2,40,80,Y,Y,N,UNITED STATES,1041x3751
50,CALIFORNIA,EO1H0440342013099110P1,L1GST,EO1,HYPERION,2013-04-09,2013 099 18:11:43,2013 099 18:16:18,1791,7041,10,130.879342,50.401445,-3.5935,38.398605,-121.979979,38.384873,-121.896409,36.519455,-122.51655,36.506118,-122.43527,WGS84,WGS84,30.0,UTM,SRTM-2,40,80,Y,Y,N,UNITED STATES,1791x7041
51,CALIFORNIA,EO1H0440342013183110KD,L1GST,EO1,HYPERION,2013-07-02,2013 183 17:57:33,2013 183 18:01:54,981,3531,10,107.271028,58.024819,-21.044,37.943498,-122.139545,37.929785,-122.04388,37.009911,-122.37487,36.995844,-122.277987,WGS84,WGS84,30.0,UTM,SRTM-2,40,80,Y,Y,N,UNITED STATES,981x3531
52,CALIFORNIA,EO1H0440342013247110K9,L1GST,EO1,HYPERION,2013-09-04,2013 247 18:19:43,2013 247 18:24:02,1211,3471,10,134.990422,51.229171,22.342,37.840145,-122.130539,37.821294,-122.035398,36.929094,-122.437515,36.909949,-122.342093,WGS84,WGS84,30.0,UTM,SRTM-2,40,80,Y,Y,N,UNITED STATES,1211x3471
53,CALIFORNIA,EO1H0440342013268110KE,L1GST,EO1,HYPERION,2013-09-25,2013 268 18:14:02,2013 268 18:18:38,2021,7021,10,141.899766,44.606319,15.202,38.339827,-121.967418,38.323338,-121.879152,36.468272,-122.569776,36.452246,-122.483534,WGS84,WGS84,30.0,UTM,SRTM-2,40,80,Y,Y,N,UNITED STATES,2021x7021
54,CALIFORNIA,EO1H0440342013305110KA,L1GST,EO1,HYPERION,2013-11-01,2013 305 18:12:50,2013 305 18:17:10,1141,3451,10,151.485446,33.192859,16.093,37.829899,-122.134409,37.81299,-122.045049,36.9231,-122.428125,36.906144,-122.338755,WGS84,WGS84,30.0,UTM,SRTM-2,40,80,Y,Y,N,UNITED STATES,1141x3451
55,CALIFORNIA,EO1H0440342013310110P1,L1GST,EO1,HYPERION,2013-11-06,2013 310 18:01:53,2013 310 18:06:29,1801,7021,10,149.33964,30.746223,-2.292,38.29747,-122.009186,38.283763,-121.926068,36.420594,-122.548619,36.407009,-122.467438,WGS84,WGS84,30.0,UTM,SRTM-2,40,80,Y,Y,N,UNITED STATES,1801x7021
56,CALIFORNIA,EO1H0440342013331110KC,L1GST,EO1,HYPERION,2013-11-27,2013 331 17:54:55,2013 331 17:59:16,1041,3751,10,149.155336,24.999011,-12.751,37.900783,-122.140399,37.887413,-122.053641,36.907033,-122.405009,36.893862,-122.318663,WGS84,WGS84,30.0,UTM,SRTM-2,40,80,Y,Y,N,UNITED STATES,1041x3751
57,CALIFORNIA,EO1H0440342014014110KE,L1GST,EO1,HYPERION,2014-01-14,2014 014 18:03:38,2014 014 18:08:14,1911,7041,10,146.259049,23.679306,8.1801,38.349913,-121.97689,38.335098,-121.893389,36.472538,-122.553007,36.458143,-122.47144,WGS84,WGS84,30.0,UTM,SRTM-2,40,80,Y,Y,N,UNITED STATES,1911x7041
58,CALIFORNIA,EO1H0440342014019110KC,L1GST,EO1,HYPERION,2014-01-19,2014 019 17:52:19,2014 019 17:56:39,1041,3751,10,142.886205,23.006465,-11.886,37.951225,-122.124107,37.938126,-122.038994,36.957535,-122.391474,36.944362,-122.30642,WGS84,WGS84,30.0,UTM,SRTM-2,40,80,Y,Y,N,UNITED STATES,1041x3751
59,CALIFORNIA,EO1H0440342014022110KA,L1GST,EO1,HYPERION,2014-01-22,2014 022 18:04:55,2014 022 18:09:15,1091,3461,10,145.149613,24.959705,11.077,37.903547,-122.112052,37.888279,-122.027022,36.991635,-122.396934,36.976309,-122.312868,WGS84,WGS84,30.0,UTM,SRTM-2,40,80,Y,Y,N,UNITED STATES,1091x3461
60,CALIFORNIA,EO1H0440342014120110KC,L1GST,EO1,HYPERION,2014-04-30,2014 120 17:45:17,2014 120 17:49:38,1021,3701,10,116.94577,51.964953,-12.82,37.999241,-122.109184,37.986122,-122.022997,37.021512,-122.369718,37.008321,-122.284262,WGS84,WGS84,30.0,UTM,SRTM-2,40,80,Y,Y,N,UNITED STATES,1021x3701
61,CALIFORNIA,EO1H0440342014171110KE,L1GST,EO1,HYPERION,2014-06-20,2014 171 17:53:12,2014 171 17:57:47,1921,7071,10,106.129817,57.935478,7.879,38.423235,-121.952486,38.408118,-121.867538,36.537633,-122.531184,36.523216,-122.448213,WGS84,WGS84,30.0,UTM,SRTM-2,40,80,Y,Y,N,UNITED STATES,1921x7071
62,CALIFORNIA,EO1H0440342014291110KC,L1GST,EO1,HYPERION,2014-10-18,2014 291 17:34:43,2014 291 17:39:03,1041,3741,10,138.511101,33.021455,-9.9274,37.836777,-122.150693,37.82315,-122.064692,36.845983,-122.418942,36.832832,-122.334343,WGS84,WGS84,30.0,UTM,SRTM-2,40,80,Y,Y,N,UNITED STATES,1041x3741
63,CALIFORNIA,EO1H0440342015023110KA,L1GST,EO1,HYPERION,2015-01-23,2015 023 17:38:27,2015 023 17:42:47,1081,3451,10,139.190124,21.879908,10.61,37.879266,-122.119166,37.864003,-122.034162,36.969485,-122.401826,36.954431,-122.317445,WGS84,WGS84,30.0,UTM,SRTM-2,40,80,Y,Y,N,UNITED STATES,1081x3451
64,CALIFORNIA,EO1H0440342015028110KC,L1GST,EO1,HYPERION,2015-01-28,2015 028 17:24:07,2015 028 17:28:27,1021,3691,10,135.214683,20.820219,-14.017,37.923965,-122.13057,37.910846,-122.042421,36.948049,-122.387507,36.934857,-122.299774,WGS84,WGS84,30.0,UTM,SRTM-2,40,80,Y,Y,N,UNITED STATES,1021x3691
65,CALIFORNIA,EO1H0440342015066110P1,L1GST,EO1,HYPERION,2015-03-07,2015 066 17:30:40,2015 066 17:35:16,1861,7101,10,128.283327,32.336913,3.4028,38.438392,-121.954329,38.424387,-121.872438,36.544068,-122.517066,36.530195,-122.436768,WGS84,WGS84,30.0,UTM,SRTM-2,40,80,Y,Y,N,UNITED STATES,1861x7101
66,CALIFORNIA,EO1H0440342015077110KA,L1GST,EO1,HYPERION,2015-03-18,2015 077 17:37:24,2015 077 17:41:44,1161,3581,10,127.266981,37.219226,16.679,37.979017,-122.081086,37.962338,-121.991895,37.037821,-122.385775,37.021382,-122.297622,WGS84,WGS84,30.0,UTM,SRTM-2,40,80,Y,Y,N,UNITED STATES,1161x3581
67,CALIFORNIA,EO1H0440342015093110P1,L1GST,EO1,HYPERION,2015-04-03,2015 093 17:28:51,2015 093 17:33:27,1871,7101,10,121.082314,41.298246,4.3986,38.499854,-121.93452,38.485838,-121.852907,36.602149,-122.501276,36.588267,-122.421256,WGS84,WGS84,30.0,UTM,SRTM-2,40,80,Y,Y,N,UNITED STATES,1871x7101
68,CALIFORNIA,EO1H0440342015104110KA,L1GST,EO1,HYPERION,2015-04-14,2015 104 17:35:07,2015 104 17:39:26,1131,3481,10,119.415795,45.860848,16.812,37.969305,-122.083937,37.952632,-121.995101,37.055635,-122.37922,37.03892,-122.291053,WGS84,WGS84,30.0,UTM,SRTM-2,40,80,Y,Y,N,UNITED STATES,1131x3481
69,CALIFORNIA,EO1H0440342015120110PF,L1GST,EO1,HYPERION,2015-04-30,2015 120 17:25:54,2015 120 17:30:12,971,3251,10,112.36949,48.121655,1.005,38.331728,-122.298031,38.317966,-122.216229,37.475015,-122.550158,37.461431,-122.468909,WGS84,WGS84,30.0,UTM,SRTM-2,40,80,Y,Y,N,UNITED STATES,971x3251
70,CALIFORNIA,EO1H0440342015123110KF,L1GST,EO1,HYPERION,2015-05-03,2015 123 17:36:22,2015 123 17:40:41,1141,3241,10,113.94589,51.086985,22.297,37.965227,-121.921755,37.945908,-121.823792,37.118703,-122.207837,37.09936,-122.110558,WGS84,WGS84,30.0,UTM,SRTM-2,40,80,Y,Y,N,UNITED STATES,1141x3241
71,CALIFORNIA,EO1H0440342015323110KC,L1GST,EO1,HYPERION,2015-11-19,2015 323 16:59:22,2015 323 17:03:43,1021,3701,10,136.578612,20.133908,-10.71,37.876719,-122.14034,37.863638,-122.055993,36.895937,-122.40341,36.883053,-122.320103,WGS84,WGS84,30.0,UTM,SRTM-2,40,80,Y,Y,N,UNITED STATES,1021x3701
72,CALIFORNIA,EO1H0450332004097110PZ,L1GST,EO1,HYPERION,2004-04-06,2004 097 18:41:43,2004 097 18:42:52,1031,3171,10,141.097831,52.341783,5.0917,38.827429,-122.619793,38.812254,-122.533918,37.993354,-122.881162,37.978372,-122.796553,WGS84,WGS84,30.0,UTM,SRTM-2,40,80,Y,Y,N,UNITED STATES,1031x3171
73,CALIFORNIA,EO1H1650432017071110K4,L1GST,EO1,HYPERION,2017-03-12,2017 071 04:30:32,2017 071 04:34:53,1111,3761,39,103.323463,20.102642,-17.917,24.744731,48.098365,24.731644,48.178332,23.743149,47.882126,23.730115,47.961465,WGS84,WGS84,30.0,UTM,SRTM-2,40,80,Y,Y,N,UNITED STATES,1111x3761
74,FRANCE,EO1H1950262015271110K4,L1GST,EO1,HYPERION,2015-09-28,2015 271 08:32:57,2015 271 08:37:32,1961,6831,32,131.04941,28.58185,-14.097,48.697057,7.68436,48.682841,7.790649,46.868937,7.082476,46.85495,7.184852,WGS84,WGS84,30.0,UTM,SRTM-2,40,80,Y,Y,N,FRANCE,1961x6831
75,FRANCE,EO1H1950262016227110K3,L1GST,EO1,HYPERION,2016-08-14,2016 227 08:04:13,2016 227 08:08:48,2031,6751,32,109.893286,35.554445,-5.6972,48.800389,7.753961,48.786037,7.853107,46.991064,7.104546,46.976956,7.200455,WGS84,WGS84,30.0,UTM,SRTM-2,40,80,Y,Y,N,FRANCE,2031x6751
76,FRANCE,EO1H1950272015320110T3,L1GST,EO1,HYPERION,2015-11-16,2015 320 08:34:19,2015 320 08:38:39,1161,3501,32,141.495973,14.66306,-4.5554,48.379687,7.710816,48.365615,7.807085,47.453056,7.373763,47.439252,7.468804,WGS84,WGS84,30.0,UTM,SRTM-2,40,80,Y,Y,N,FRANCE,1161x3501
77,FRANCE,EO1H1950272016268110T3,L1GST,EO1,HYPERION,2016-09-24,2016 268 08:04:20,2016 268 08:08:40,1211,3501,32,123.423551,25.696075,2.2751,48.375217,7.72146,48.360061,7.818151,47.449952,7.364308,47.435076,7.459382,WGS84,WGS84,30.0,UTM,SRTM-2,40,80,Y,Y,N,FRANCE,1211x3501
78,FRANCE,EO1H1960292013062110T3,L1GST,EO1,HYPERION,2013-03-03,2013 062 09:52:05,2013 062 09:56:25,1001,3451,31,144.18024,32.695757,-3.7301,44.462915,4.796862,44.448485,4.887947,43.553791,4.493936,43.539345,4.584091,WGS84,WGS84,30.0,UTM,SRTM-2,40,80,Y,Y,N,FRANCE,1001x3451
79,FRANCE,EO1H1970272015331110KF,L1GST,EO1,HYPERION,2015-11-27,2015 331 08:38:36,2015 331 08:42:55,911,3251,31,140.539259,12.167381,-11.128,47.548583,5.034668,47.534376,5.133265,46.695065,4.749166,46.681657,4.846698,WGS84,WGS84,30.0,UTM,SRTM-2,40,80,Y,Y,N,FRANCE,911x3251
80,FRANCE,EO1H1980302015353110KB,L1GST,EO1,HYPERION,2015-12-19,2015 353 08:47:21,2015 353 08:51:41,1121,3521,31,137.952261,11.027531,-12.233,44.015686,1.197115,44.002295,1.292107,43.083612,0.917601,43.070424,1.011186,WGS84,WGS84,30.0,UTM,SRTM-2,40,80,Y,Y,N,FRANCE,1121x3521
81,FRANCE,EO1H1980302015364110KA,L1GST,EO1,HYPERION,2015-12-30,2015 364 08:51:02,2015 364 08:55:22,1131,3431,31,137.481479,11.012653,-4.4298,43.992515,1.2008,43.978783,1.29128,43.081541,0.907719,43.068014,0.996898,WGS84,WGS84,30.0,UTM,SRTM-2,40,80,Y,Y,N,FRANCE,1131x3431
82,FRANCE,EO1H1980302016037110KA,L1GST,EO1,HYPERION,2016-02-06,2016 037 08:45:28,2016 037 08:49:47,1161,3621,31,129.767649,14.92051,-7.0456,44.045665,1.214171,44.032204,1.305472,43.086231,0.91309,43.072719,1.00338,WGS84,WGS84,30.0,UTM,SRTM-2,40,80,Y,Y,N,FRANCE,1161x3621
83,FRANCE,EO1H1980302016211110KB,L1GST,EO1,HYPERION,2016-07-29,2016 211 08:19:50,2016 211 08:24:09,1101,3521,31,100.452315,37.86869,-17.03,44.085562,1.209238,44.07197,1.309584,43.153225,0.942908,43.139837,1.041759,WGS84,WGS84,30.0,UTM,SRTM-2,40,80,Y,Y,N,FRANCE,1101x3521
84,FRANCE,EO1H1990292017069110K3,L1GST,EO1,HYPERION,2017-03-10,2017 069 08:08:19,2017 069 08:12:39,1201,3451,31,115.342022,18.875997,7.2101,44.223187,1.069083,44.208217,1.159991,43.311071,0.747085,43.296329,0.836684,WGS84,WGS84,30.0,UTM,SRTM-2,40,80,Y,Y,N,FRANCE,1201x3451
85,FRANCE,EO1H2000272015269110KF,L1GST,EO1,HYPERION,2015-09-26,2015 269 08:59:18,2015 269 09:03:37,871,3311,30,128.908979,28.813153,-21.063,47.678771,-0.407029,47.663968,-0.292005,46.807766,-0.667198,46.793271,-0.554739,WGS84,WGS84,30.0,UTM,SRTM-2,40,80,Y,Y,N,FRANCE,871x3311
86,GERMANY,EO1H1920242015157110PF,L1GST,EO1,HYPERION,2015-06-06,2015 157 08:34:58,2015 157 08:39:17,1201,3251,33,122.662674,50.072997,7.1723,52.030899,14.707904,52.013588,14.814587,51.17872,14.312363,51.16176,14.417213,WGS84,WGS84,30.0,UTM,GTOPO30,40,80,Y,Y,N,GERMANY,1201x3251
87,GERMANY,EO1H1920242015162110KF,L1GST,EO1,HYPERION,2015-06-11,2015 162 08:19:36,2015 162 08:23:57,1051,3271,33,117.602398,48.105282,-14.199,52.167634,14.535085,52.152659,14.649141,51.305155,14.212783,51.290485,14.325218,WGS84,WGS84,30.0,UTM,GTOPO30,40,80,Y,Y,N,GERMANY,1051x3271
88,GERMANY,EO1H1920262001238112PP,L1GST,EO1,HYPERION,2001-08-26,2001 238 09:46:31,2001 238 09:51:01,2151,6521,33,149.40449,47.955501,1.9912,49.752345,13.767222,49.736118,13.869174,48.00786,13.049479,47.991958,13.148554,WGS84,WGS84,30.0,UTM,SRTM-2,40,80,Y,Y,N,GERMANY,2151x6521
89,GERMANY,EO1H1920262001286111PP,L1GST,EO1,HYPERION,2001-10-13,2001 286 09:45:54,2001 286 09:50:24,2161,6531,33,160.644519,31.51971,1.4787,49.71874,13.728951,49.702281,13.831267,47.97157,13.011051,47.95597,13.110058,WGS84,WGS84,30.0,UTM,SRTM-2,40,80,Y,Y,N,GERMANY,2161x6531
90,GERMANY,EO1H1930232003315110PZ,L1GST,EO1,HYPERION,2003-11-11,2003 315 09:51:40,2003 315 09:52:49,1211,3121,33,165.261912,19.038729,1.2112,52.93561,13.525645,52.918577,13.634567,52.113131,13.139228,52.096172,13.246715,WGS84,WGS84,30.0,UTM,GTOPO30,40,80,Y,Y,N,GERMANY,1211x3121
91,GERMANY,EO1H1930232005310110PY,L1GST,EO1,HYPERION,2005-11-06,2005 310 09:50:47,2005 310 09:55:06,1241,3241,33,165.227694,20.377162,1.3,52.932839,13.456101,52.916135,13.564589,52.081611,13.058223,52.065257,13.165206,WGS84,WGS84,30.0,UTM,GTOPO30,40,80,Y,Y,N,GERMANY,1241x3241
92,GERMANY,EO1H1930232006024110PY,L1GST,EO1,HYPERION,2006-01-24,2006 024 09:48:16,2006 024 09:52:35,1211,3251,33,158.293607,15.831471,-1.9981,52.930531,13.444579,52.914381,13.553491,52.074034,13.056802,52.057951,13.163754,WGS84,WGS84,30.0,UTM,GTOPO30,40,80,Y,Y,N,GERMANY,1211x3251
93,GERMANY,EO1H1930242003091110PY,L1GST,EO1,HYPERION,2003-04-01,2003 091 09:52:10,2003 091 09:53:19,1211,3121,33,152.872719,40.157891,-1.2595,51.757246,12.534515,51.74109,12.640911,50.932347,12.174367,50.916231,12.279414,WGS84,WGS84,30.0,UTM,GTOPO30,40,80,Y,Y,N,GERMANY,1211x3121
94,GERMANY,EO1H1930242003219110PY,L1GST,EO1,HYPERION,2003-08-07,2003 219 09:51:50,2003 219 09:52:59,1201,3131,33,146.691338,51.337444,-1.2084,51.822156,12.561572,51.803809,12.667878,50.995157,12.199417,50.976562,12.303546,WGS84,WGS84,30.0,UTM,SRTM-2,40,80,Y,Y,N,GERMANY,1201x3131
95,GERMANY,EO1H1940242002310110KZ,L1GST,EO1,HYPERION,2002-11-06,2002 310 10:03:37,2002 310 10:04:46,1101,3161,32,165.803219,21.984885,9.5655,51.432843,11.365579,51.414157,11.473677,50.613435,10.971704,50.594577,11.078913,WGS84,WGS84,30.0,UTM,GTOPO30,40,80,Y,Y,N,GERMANY,1101x3161
96,GERMANY,EO1H1940242012121110KF,L1GST,EO1,HYPERION,2012-04-30,2012 121 09:41:55,2012 121 09:46:14,961,3231,32,147.322305,49.357731,-5.239,52.349265,12.081241,52.333191,12.188798,51.504915,11.724155,51.488923,11.829845,WGS84,WGS84,30.0,UTM,GTOPO30,40,80,Y,Y,N,GERMANY,961x3231
97,GERMANY,EO1H1940242012145110KF,L1GST,EO1,HYPERION,2012-05-24,2012 145 09:59:49,2012 145 10:04:08,1261,3451,32,150.755614,56.422492,19.52,52.343884,12.131949,52.321539,12.250044,51.452556,11.654097,51.430438,11.770561,WGS84,WGS84,30.0,UTM,GTOPO30,40,80,Y,Y,N,GERMANY,1261x3451
98,GERMANY,EO1H1940262006073110PF,L1GST,EO1,HYPERION,2006-03-14,2006 073 09:58:51,2006 073 10:03:09,1081,3281,32,153.329659,35.403036,5.2798,49.305727,10.737492,49.289065,10.837895,48.448853,10.375676,48.432519,10.474512,WGS84,WGS84,30.0,UTM,SRTM-2,40,80,Y,Y,N,GERMANY,1081x3281
99,GERMANY,EO1H1940262013064110KF,L1GST,EO1,HYPERION,2013-03-05,2013 064 09:27:10,2013 064 09:31:28,961,3291,32,145.312495,29.323606,-13.491,49.339301,10.721143,49.324712,10.827871,48.473832,10.419173,48.459268,10.524165,WGS84,WGS84,30.0,UTM,SRTM-2,40,80,Y,Y,N,GERMANY,961x3291
100,GERMANY,EO1H1940262014045110KF,L1GST,EO1,HYPERION,2014-02-14,2014 045 09:15:30,2014 045 09:19:49,1001,3301,32,144.717617,21.410136,-4.1319,49.399882,10.757361,49.384555,10.857578,48.53487,10.426774,48.519845,10.525386,WGS84,WGS84,30.0,UTM,SRTM-2,40,80,Y,Y,N,GERMANY,1001x3301
101,GERMANY,EO1H1950252009269110KF,L1GST,EO1,HYPERION,2009-09-26,2009 269 09:50:11,2009 269 09:54:32,1041,3231,32,153.408996,35.740662,-17.329,50.216716,8.546333,50.201731,8.660284,49.36546,8.249571,49.350491,8.362459,WGS84,WGS84,30.0,UTM,GTOPO30,40,80,Y,Y,N,GERMANY,1041x3231
102,GERMANY,EO1H1950262011141110KF,L1GST,EO1,HYPERION,2011-05-21,2011 141 10:11:06,2011 141 10:15:25,1241,3201,32,148.089368,57.916521,14.055,49.556333,8.588125,49.53724,8.694347,48.718808,8.202952,48.700591,8.306311,WGS84,WGS84,30.0,UTM,SRTM-2,40,80,Y,Y,N,GERMANY,1241x3201
103,GERMANY,EO1H1950262011229110KF,L1GST,EO1,HYPERION,2011-08-17,2011 229 10:07:32,2011 229 10:11:51,1221,3261,32,147.928486,50.746949,10.097,49.52036,8.565213,49.502625,8.667629,48.663899,8.185483,48.646763,8.286684,WGS84,WGS84,30.0,UTM,SRTM-2,40,80,Y,Y,N,GERMANY,1221x3261
104,GERMANY,EO1H1950262011234110PF,L1GST,EO1,HYPERION,2011-08-22,2011 234 10:00:36,2011 234 10:04:55,1131,3251,32,146.813841,48.719584,0.1967,49.512739,8.548296,49.496901,8.648613,48.655916,8.201502,48.640369,8.300212,WGS84,WGS84,30.0,UTM,SRTM-2,40,80,Y,Y,N,GERMANY,1131x3251
105,GERMANY,EO1H1950262013228110KF,L1GST,EO1,HYPERION,2013-08-16,2013 228 09:45:30,2013 228 09:49:48,1231,3281,32,140.181448,48.762033,11.332,49.520917,8.569769,49.503179,8.6726,48.662842,8.18876,48.645431,8.289555,WGS84,WGS84,30.0,UTM,SRTM-2,40,80,Y,Y,N,GERMANY,1231x3281
106,GERMANY,EO1H1960232013112110PF,L1GST,EO1,HYPERION,2013-04-22,2013 112 09:48:48,2013 112 09:53:07,1171,3251,32,145.719535,45.677351,-0.4911,52.816629,8.280223,52.800513,8.387194,51.95944,7.894435,51.943388,7.999055,WGS84,WGS84,30.0,UTM,GTOPO30,40,80,Y,Y,N,GERMANY,1171x3251
107,GERMANY,EO1H1970242003263110PZ,L1GST,EO1,HYPERION,2003-09-20,2003 263 10:16:17,2003 263 10:17:26,1211,3121,32,157.959801,37.524315,1.8641,52.057011,7.038378,52.039874,7.145777,51.233768,6.663945,51.217496,6.769939,WGS84,WGS84,30.0,UTM,GTOPO30,40,80,Y,Y,N,GERMANY,1211x3121
108,GERMANY,EO1H1970242007105110KR,L1GST,EO1,HYPERION,2007-04-15,2007 105 10:06:45,2007 105 10:11:21,2231,6931,32,149.283851,45.364568,-9.0856,51.734661,6.796414,51.719135,6.906143,49.874226,6.066259,49.859842,6.171453,WGS84,WGS84,30.0,UTM,GTOPO30,40,80,Y,Y,N,GERMANY,2231x6931
109,HUNGARY,EO1H1860262006023110KF,L1GST,EO1,HYPERION,2006-01-23,2006 023 09:08:31,2006 023 09:12:50,1061,3281,34,156.118961,19.304275,-3.6241,48.449417,21.522985,48.434084,21.622102,47.586166,21.195037,47.570846,21.29301,WGS84,WGS84,30.0,UTM,SRTM-2,40,80,Y,Y,N,HUNGARY,1061x3281
110,HUNGARY,EO1H1860262006050110KF,L1GST,EO1,HYPERION,2006-02-19,2006 050 09:22:33,2006 050 09:26:52,1231,3271,34,156.716331,27.825824,16.605,48.596801,21.57495,48.576788,21.682418,47.742199,21.186413,47.722549,21.292664,WGS84,WGS84,30.0,UTM,SRTM-2,40,80,Y,Y,N,HUNGARY,1231x3271
111,HUNGARY,EO1H1860262006099110KF,L1GST,EO1,HYPERION,2006-04-09,2006 099 09:13:50,2006 099 09:18:08,1111,3271,34,150.722543,46.092228,4.2511,48.600097,21.563189,48.58365,21.662578,47.739727,21.212016,47.723853,21.309873,WGS84,WGS84,30.0,UTM,SRTM-2,40,80,Y,Y,N,HUNGARY,1111x3271
112,HUNGARY,EO1H1860262006114110KF,L1GST,EO1,HYPERION,2006-04-24,2006 114 09:17:49,2006 114 09:22:08,1151,3211,34,150.698669,51.674159,10.038,48.600327,21.57133,48.582509,21.67314,47.759974,21.210095,47.742475,21.310783,WGS84,WGS84,30.0,UTM,SRTM-2,40,80,Y,Y,N,HUNGARY,1151x3211
113,HUNGARY,EO1H1860262006188110KF,L1GST,EO1,HYPERION,2006-07-07,2006 188 08:57:27,2006 188 09:01:46,981,3241,34,133.306632,57.691672,-19.226,48.567145,21.510804,48.55202,21.623551,47.715932,21.233117,47.700809,21.344897,WGS84,WGS84,30.0,UTM,SRTM-2,40,80,Y,Y,N,HUNGARY,981x3241
114,HUNGARY,EO1H1870272005251110KF,L1GST,EO1,HYPERION,2005-09-08,2005 251 09:33:07,2005 251 09:37:26,1401,3261,34,158.196933,46.056209,25.949,48.098133,20.759876,48.071883,20.88556,47.253519,20.347313,47.22798,20.471182,WGS84,WGS84,30.0,UTM,SRTM-2,40,80,Y,Y,N,HUNGARY,1401x3261
115,HUNGARY,EO1H1880272004203110PZ,L1GST,EO1,HYPERION,2004-07-21,2004 203 09:22:46,2004 203 09:23:55,1161,3141,34,138.760653,58.079961,2.7087,47.372647,19.095373,47.356696,19.193592,46.545028,18.773826,46.52905,18.87024,WGS84,WGS84,30.0,UTM,SRTM-2,40,80,Y,Y,N,HUNGARY,1161x3141
116,HUNGARY,EO1H1880272012348110K9,L1GST,EO1,HYPERION,2012-12-13,2012 348 09:09:23,2012 348 09:13:42,1271,3421,34,159.159641,16.692765,7.0801,47.983454,19.090686,47.966971,19.189289,47.07888,18.723618,47.062685,18.820633,WGS84,WGS84,30.0,UTM,SRTM-2,40,80,Y,Y,N,HUNGARY,1271x3421
117,HUNGARY,EO1H1880272013195110KA,L1GST,EO1,HYPERION,2013-07-14,2013 195 08:57:22,2013 195 09:01:41,1231,3421,34,129.682343,55.916795,3.2272,48.004582,19.095137,47.988886,19.192543,47.100296,18.741683,47.08488,18.837908,WGS84,WGS84,30.0,UTM,SRTM-2,40,80,Y,Y,N,HUNGARY,1231x3421
118,HUNGARY,EO1H1880272013298110KA,L1GST,EO1,HYPERION,2013-10-25,2013 298 08:54:10,2013 298 08:58:30,1281,3471,34,154.63099,26.934944,6.5088,47.953578,19.079732,47.937631,19.17746,47.034359,18.711296,47.018712,18.808212,WGS84,WGS84,30.0,UTM,SRTM-2,40,80,Y,Y,N,HUNGARY,1281x3471
119,HUNGARY,EO1H1880272013335110KA,L1GST,EO1,HYPERION,2013-12-01,2013 335 08:51:16,2013 335 08:55:36,1251,3421,34,155.785046,17.172205,5.3397,47.953558,19.078527,47.937881,19.176244,47.048836,18.71976,47.03316,18.815516,WGS84,WGS84,30.0,UTM,SRTM-2,40,80,Y,Y,N,HUNGARY,1251x3421
120,HUNGARY,EO1H1880272015078110K9,L1GST,EO1,HYPERION,2015-03-19,2015 078 08:20:29,2015 078 08:24:49,1281,3421,34,134.384216,31.924505,10.304,48.026285,19.118076,48.009774,19.216351,47.123618,18.747022,47.107135,18.844125,WGS84,WGS84,30.0,UTM,SRTM-2,40,80,Y,Y,N,HUNGARY,1281x3421
121,HUNGARY,EO1H1880272015105110K9,L1GST,EO1,HYPERION,2015-04-15,2015 105 08:18:10,2015 105 08:22:29,1321,3531,34,129.39054,41.495905,10.402,48.122205,19.157306,48.105668,19.256158,47.187012,18.772061,47.170502,18.868879,WGS84,WGS84,30.0,UTM,SRTM-2,40,80,Y,Y,N,HUNGARY,1321x3531
122,HUNGARY,EO1H1880282016182110KF,L1GST,EO1,HYPERION,2016-06-30,2016 182 07:18:38,2016 182 07:22:57,1081,3241,34,100.508297,42.299103,-13.597,46.759257,18.567503,46.745691,18.667784,45.900703,18.294627,45.887605,18.393,WGS84,WGS84,30.0,UTM,SRTM-2,40,80,Y,Y,N,HUNGARY,1081x3241
123,HUNGARY,EO1H1880282016193110KF,L1GST,EO1,HYPERION,2016-07-11,2016 193 07:21:14,2016 193 07:25:32,1121,3291,34,101.429406,41.444244,-9.8465,46.714949,18.222481,46.701333,18.319244,45.842483,17.935441,45.829064,18.030342,WGS84,WGS84,30.0,UTM,SRTM-2,40,80,Y,Y,N,HUNGARY,1121x3291
124,IRELAND,EO1H2060232003150110PY,L1GST,EO1,HYPERION,2003-05-30,2003 150 11:12:16,2003 150 11:13:25,1041,3151,29,148.197415,56.386781,-0.3084,52.726149,-6.967548,52.709133,-6.858745,51.902545,-7.344339,51.885889,-7.237379,WGS84,WGS84,30.0,UTM,GTOPO30,40,80,Y,Y,N,IRELAND,1041x3151
125,IRELAND,EO1H2060232003310110PX,L1GST,EO1,HYPERION,2003-11-06,2003 310 11:11:47,2003 310 11:12:56,1041,3161,29,164.898549,20.060694,-0.7945,53.313773,-6.7437,53.294922,-6.633944,52.489684,-7.129046,52.470395,-7.021205,WGS84,WGS84,30.0,UTM,SRTM-2,40,80,Y,Y,N,IRELAND,1041x3161
126,IRELAND,EO1H2060232012322110T3,L1GST,EO1,HYPERION,2012-11-17,2012 322 10:56:24,2012 322 11:00:44,1101,3451,29,161.723923,16.295625,-0.3139,53.307547,-6.778376,53.290925,-6.6704,52.405593,-7.194579,52.389089,-7.088214,WGS84,WGS84,30.0,UTM,GTOPO30,40,80,Y,Y,N,IRELAND,1101x3451
127,IRELAND,EO1H2060232014119110T3,L1GST,EO1,HYPERION,2014-04-29,2014 119 10:30:12,2014 119 10:34:32,1131,3571,29,139.234559,45.624672,1.3102,53.424506,-6.71584,53.408139,-6.60983,52.489087,-7.151391,52.472847,-7.047034,WGS84,WGS84,30.0,UTM,GTOPO30,40,80,Y,Y,N,IRELAND,1131x3571
128,IRELAND,EO1H2060232015108110T3,L1GST,EO1,HYPERION,2015-04-18,2015 108 10:05:44,2015 108 10:10:03,1131,3451,29,133.453857,39.487882,5.1665,53.435294,-6.70171,53.418357,-6.594809,52.532541,-7.135854,52.515741,-7.030983,WGS84,WGS84,30.0,UTM,GTOPO30,40,80,Y,Y,N,IRELAND,1131x3451
129,IRELAND,EO1H2070242012147110T2,L1GST,EO1,HYPERION,2012-05-26,2012 147 11:15:13,2012 147 11:19:33,1261,3421,29,147.75799,55.999482,9.9647,52.536633,-8.542642,52.518101,-8.434601,51.639326,-8.985336,51.621196,-8.878823,WGS84,WGS84,30.0,UTM,GTOPO30,40,80,Y,Y,N,IRELAND,1261x3421
130,IRELAND,EO1H2070242012333110T1,L1GST,EO1,HYPERION,2012-11-28,2012 333 11:15:05,2012 333 11:19:24,1361,3431,29,164.081933,15.274431,16.936,52.421124,-8.596333,52.399909,-8.480204,51.527633,-9.063218,51.506873,-8.948292,WGS84,WGS84,30.0,UTM,GTOPO30,40,80,Y,Y,N,IRELAND,1361x3431
131,IRELAND,EO1H2070242014029110T2,L1GST,EO1,HYPERION,2014-01-29,2014 029 10:50:59,2014 029 10:55:19,1301,3421,29,151.597026,15.798852,13.36,52.485476,-8.565704,52.466142,-8.454696,51.589691,-9.016967,51.570779,-8.907528,WGS84,WGS84,30.0,UTM,GTOPO30,40,80,Y,Y,N,IRELAND,1301x3421
132,IRELAND,EO1H2070242014336110T1,L1GST,EO1,HYPERION,2014-12-02,2014 336 10:31:43,2014 336 10:36:03,1331,3421,29,153.893678,12.213114,16.489,52.472281,-8.571132,52.451861,-8.457519,51.579438,-9.031249,51.559459,-8.919667,WGS84,WGS84,30.0,UTM,GTOPO30,40,80,Y,Y,N,IRELAND,1331x3421
133,IRELAND,EO1H2070242015030110T2,L1GST,EO1,HYPERION,2015-01-30,2015 030 10:20:40,2015 030 10:24:59,1231,3431,29,144.529701,13.491876,8.2854,52.519157,-8.556969,52.501176,-8.448518,51.620444,-8.987074,51.602855,-8.880605,WGS84,WGS84,30.0,UTM,GTOPO30,40,80,Y,Y,N,IRELAND,1231x3431
134,IRELAND,EO1H2070242015111110T2,L1GST,EO1,HYPERION,2015-04-21,2015 111 10:16:28,2015 111 10:20:48,1311,3541,29,133.613121,41.397013,12.077,52.692477,-8.467333,52.673871,-8.358051,51.763118,-8.930091,51.744937,-8.822437,WGS84,WGS84,30.0,UTM,GTOPO30,40,80,Y,Y,N,IRELAND,1311x3541
135,IRELAND,EO1H2070242015355110T1,L1GST,EO1,HYPERION,2015-12-21,2015 355 09:57:01,2015 355 10:01:21,1331,3421,29,144.858964,7.474479,16.622,52.441309,-8.583791,52.4209,-8.469811,51.547604,-9.042478,51.527635,-8.92924,WGS84,WGS84,30.0,UTM,GTOPO30,40,80,Y,Y,N,IRELAND,1331x3421
136,IRELAND,EO1H2070242016055110T3,L1GST,EO1,HYPERION,2016-02-24,2016 055 09:42:09,2016 055 09:46:29,1211,3441,29,132.172398,16.889486,6.1152,52.511369,-8.565887,52.494488,-8.46053,51.608575,-8.985779,51.592336,-8.881932,WGS84,WGS84,30.0,UTM,GTOPO30,40,80,Y,Y,N,IRELAND,1211x3441
137,IRELAND,EO1H2070242016153110T2,L1GST,EO1,HYPERION,2016-06-01,2016 153 09:32:57,2016 153 09:37:16,1251,3491,29,114.112032,44.756243,8.2864,52.589685,-8.52216,52.572217,-8.414868,51.673577,-8.958427,51.656773,-8.852708,WGS84,WGS84,30.0,UTM,GTOPO30,40,80,Y,Y,N,IRELAND,1251x3491
138,IRELAND,EO1H2070242016311110T2,L1GST,EO1,HYPERION,2016-11-06,2016 311 09:14:26,2016 311 09:18:46,1251,3501,29,135.609916,11.331722,8.1784,52.393408,-8.615545,52.376302,-8.510449,51.47477,-9.048025,51.457777,-8.944027,WGS84,WGS84,30.0,UTM,GTOPO30,40,80,Y,Y,N,IRELAND,1251x3501
139,NORWAY &SWEDEN,EO1H1930142012035110P1,L1GST,EO1,HYPERION,2012-02-04,2012 035 09:42:19,2012 035 09:46:39,1501,3341,34,164.938117,7.184133,2.2537,66.124825,22.143863,66.101816,22.297375,65.260439,21.301195,65.238268,21.45105,WGS84,WGS84,30.0,UTM,GTOPO30,40,80,Y,Y,N,NORWAY & SWEDEN,1501x3341
140,NORWAY &SWEDEN,EO1H1930142013101110P1,L1GST,EO1,HYPERION,2013-04-11,2013 101 09:27:38,2013 101 09:31:58,1491,3341,34,161.316425,31.687084,1.9302,66.179678,22.187618,66.156332,22.344064,65.316052,21.350757,65.293824,21.502812,WGS84,WGS84,30.0,UTM,GTOPO30,40,80,Y,Y,N,NORWAY & SWEDEN,1491x3341
141,NORWAY &SWEDEN,EO1H1930142013151110P1,L1GST,EO1,HYPERION,2013-05-31,2013 151 09:24:37,2013 151 09:28:56,1501,3411,34,158.885485,45.081701,1.3933,66.190054,22.203422,66.167528,22.356638,65.305817,21.353841,65.284133,21.503276,WGS84,WGS84,30.0,UTM,GTOPO30,40,80,Y,Y,N,NORWAY & SWEDEN,1501x3411
142,NORWAY &SWEDEN,EO1H1930192003155110PZ,L1GST,EO1,HYPERION,2003-06-04,2003 155 09:50:21,2003 155 09:51:30,1171,3141,33,155.935516,53.015835,2.9477,58.137245,16.675322,58.117769,16.799591,57.324282,16.18364,57.30529,16.305925,WGS84,WGS84,30.0,UTM,GTOPO30,40,80,Y,Y,N,NORWAY & SWEDEN,1171x3141
143,NORWAY &SWEDEN,EO1H1930202005160110PZ,L1GST,EO1,HYPERION,2005-06-09,2005 160 09:49:34,2005 160 09:53:53,1201,3251,33,154.103903,53.692102,-0.3136,57.76887,15.779662,57.750273,15.902653,56.922287,15.295606,56.904162,15.416045,WGS84,WGS84,30.0,UTM,GTOPO30,40,80,Y,Y,N,NORWAY & SWEDEN,1201x3251
144,NORWAY &SWEDEN,EO1H1930202005291110PZ,L1GST,EO1,HYPERION,2005-10-18,2005 291 09:47:59,2005 291 09:52:17,1191,3251,33,165.933721,22.141657,-1.5617,57.753845,15.768754,57.735532,15.891201,56.904781,15.290542,56.886932,15.410438,WGS84,WGS84,30.0,UTM,GTOPO30,40,80,Y,Y,N,NORWAY & SWEDEN,1191x3251
145,NORWAY &SWEDEN,EO1H1940172006127110KF,L1GST,EO1,HYPERION,2006-05-07,2006 127 09:37:20,2006 127 09:41:39,1081,3271,33,156.702246,43.290455,-17.339,62.378851,16.980921,62.360093,17.138412,61.5282,16.4863,61.509739,16.640333,WGS84,WGS84,30.0,UTM,GTOPO30,40,80,Y,Y,N,NORWAY & SWEDEN,1081x3271
146,NORWAY &SWEDEN,EO1H1940172006197110PF,L1GST,EO1,HYPERION,2006-07-16,2006 197 09:54:48,2006 197 09:59:07,1241,3171,33,158.083377,48.101605,0.1088,62.327615,17.022107,62.306966,17.159524,61.505771,16.417016,61.486,16.551225,WGS84,WGS84,30.0,UTM,GTOPO30,40,80,Y,Y,N,NORWAY & SWEDEN,1241x3171
147,NORWAY &SWEDEN,EO1H1970122012189110KF,L1GST,EO1,HYPERION,2012-07-07,2012 189 09:37:57,2012 189 09:42:16,1451,3141,34,157.189357,42.834384,-17.374,68.850662,18.614587,68.828865,18.8149,68.027352,17.874852,68.006629,18.06578,WGS84,WGS84,30.0,UTM,GTOPO30,40,80,Y,Y,N,NORWAY & SWEDEN,1451x3141
148,NORWAY &SWEDEN,EO1H1970192015231110KF,L1GST,EO1,HYPERION,2015-08-19,2015 231 08:57:37,2015 231 09:01:55,1231,3251,32,134.254199,36.541644,2.9301,59.51486,10.051777,59.496294,10.176146,58.668024,9.520218,58.649697,9.641845,WGS84,WGS84,30.0,UTM,GTOPO30,40,80,Y,Y,N,NORWAY & SWEDEN,1231x3251
149,NORWAY &SWEDEN,EO1H1970192015252110KF,L1GST,EO1,HYPERION,2015-09-09,2015 252 08:31:02,2015 252 08:35:21,1001,3251,32,132.07933,27.776271,-23.749,59.477507,9.932586,59.461227,10.087598,58.627985,9.558886,58.611598,9.713385,WGS84,WGS84,30.0,UTM,GTOPO30,40,80,Y,Y,N,NORWAY & SWEDEN,1001x3251
150,NORWAY &SWEDEN,EO1H1980182014275110K4,L1GST,EO1,HYPERION,2014-10-02,2014 275 09:19:46,2014 275 09:24:10,1501,4351,32,149.73744,23.46369,-6.1331,59.884775,9.567616,59.867187,9.696874,58.738556,8.907144,58.721346,9.032461,WGS84,WGS84,30.0,UTM,GTOPO30,40,80,Y,Y,N,NORWAY & SWEDEN,1501x4351
151,NORWAY &SWEDEN,EO1H1980192015250110PF,L1GST,EO1,HYPERION,2015-09-07,2015 250 08:56:47,2015 250 09:01:07,1291,3391,32,137.370759,30.258716,-1.1243,59.654324,8.995221,59.636224,9.121214,58.763849,8.456905,58.746535,8.580971,WGS84,WGS84,30.0,UTM,GTOPO30,40,80,Y,Y,N,NORWAY & SWEDEN,1291x3391
152,NORWAY &SWEDEN,EO1H2000172011118110KF,L1GST,EO1,HYPERION,2011-04-28,2011 118 10:19:27,2011 118 10:23:46,1291,3161,32,157.436987,41.466172,-10.895,61.483187,6.950117,61.465048,7.091976,60.651078,6.442682,60.63296,6.583909,WGS84,WGS84,30.0,UTM,GTOPO30,40,80,Y,Y,N,NORWAY & SWEDEN,1291x3161
153,NORWAY &SWEDEN,EO1H2000172012062110KF,L1GST,EO1,HYPERION,2012-03-02,2012 062 10:18:36,2012 062 10:22:55,1421,3451,32,157.623711,20.081506,-7.5387,61.503558,6.97921,61.485081,7.118359,60.592663,6.404015,60.57498,6.537326,WGS84,WGS84,30.0,UTM,GTOPO30,40,80,Y,Y,N,NORWAY & SWEDEN,1421x3451
154,NORWAY &SWEDEN,EO1H2000172012148110KF,L1GST,EO1,HYPERION,2012-05-27,2012 148 10:12:03,2012 148 10:16:21,1281,3191,32,152.925158,48.225894,-12.052,61.504316,6.95775,61.486224,7.103639,60.665094,6.456948,60.647768,6.598168,WGS84,WGS84,30.0,UTM,GTOPO30,40,80,Y,Y,N,NORWAY & SWEDEN,1281x3191
155,NORWAY &SWEDEN,EO1H2010182010269110KF,L1GST,EO1,HYPERION,2010-09-26,2010 269 10:40:26,2010 269 10:44:45,1251,3171,31,166.167949,27.671726,5.1576,60.779714,5.219739,60.758874,5.35202,59.959886,4.636862,59.939363,4.766233,WGS84,WGS84,30.0,UTM,GTOPO30,40,80,Y,Y,N,NORWAY & SWEDEN,1251x3171
156,NORWAY &SWEDEN,EO1H2010182012120110KF,L1GST,EO1,HYPERION,2012-04-29,2012 120 10:40:09,2012 120 10:44:27,1311,3171,31,161.796971,43.060965,11.185,61.023294,5.408331,61.000617,5.543028,60.207495,4.782903,60.184617,4.916812,WGS84,WGS84,30.0,UTM,GTOPO30,40,80,Y,Y,N,NORWAY & SWEDEN,1311x3171
157,POLAND,EO1H1870242002238110PZ,L1GST,EO1,HYPERION,2002-08-26,2002 238 09:14:19,2002 238 09:15:27,1011,2931,34,150.96837,45.626378,-2.2406,52.066028,21.717771,52.049414,21.825457,51.299622,21.382475,51.283585,21.488917,WGS84,WGS84,30.0,UTM,GTOPO30,40,80,Y,Y,N,POLAND,1011x2931
158,POLAND,EO1H1870242003145110PZ,L1GST,EO1,HYPERION,2003-05-25,2003 145 09:15:01,2003 145 09:16:10,1071,3151,34,147.414637,56.023616,-2.3764,52.037305,21.694562,52.020985,21.801763,51.211826,21.334503,51.195564,21.440334,WGS84,WGS84,30.0,UTM,GTOPO30,40,80,Y,Y,N,POLAND,1071x3151
159,POLAND,EO1H1880232003008110PZ,L1GST,EO1,HYPERION,2003-01-08,2003 008 09:20:32,2003 008 09:21:41,1131,3141,34,160.677022,13.386189,1.0384,52.7232,21.182587,52.705997,21.291203,51.900264,20.799788,51.88314,20.906991,WGS84,WGS84,30.0,UTM,GTOPO30,40,80,Y,Y,N,POLAND,1131x3141
160,POLAND,EO1H1890242005180110PZ,L1GST,EO1,HYPERION,2005-06-29,2005 180 09:26:26,2005 180 09:30:45,1241,3291,34,144.448048,58.186878,2.3778,51.75176,19.40326,51.734821,19.509783,50.883227,19.01081,50.866353,19.115476,WGS84,WGS84,30.0,UTM,GTOPO30,40,80,Y,Y,N,POLAND,1241x3291
161,POLAND,EO1H1890252015156110KF,L1GST,EO1,HYPERION,2015-06-05,2015 156 07:59:13,2015 156 08:03:32,1111,3281,34,116.305168,48.084273,-16.275,50.799036,18.962983,50.784244,19.076738,49.931466,18.660641,49.917211,18.772403,WGS84,WGS84,30.0,UTM,GTOPO30,40,80,Y,Y,N,POLAND,1111x3281
162,POLAND,EO1H1900242003358110PZ,L1GST,EO1,HYPERION,2003-12-24,2003 358 09:33:52,2003 358 09:35:01,1021,3161,33,161.87948,13.613006,-0.6833,51.534149,17.163186,51.517314,17.269095,50.708188,16.802308,50.691695,16.906492,WGS84,WGS84,30.0,UTM,GTOPO30,40,80,Y,Y,N,POLAND,1021x3161
163,POLAND,EO1H1900242004009110PZ,L1GST,EO1,HYPERION,2004-01-09,2004 009 09:33:51,2004 009 09:35:00,1011,3161,33,159.876496,14.397092,-0.8466,51.594668,17.187721,51.5778,17.294191,50.769042,16.827624,50.752518,16.932356,WGS84,WGS84,30.0,UTM,GTOPO30,40,80,Y,Y,N,POLAND,1011x3161
164,POLAND,EO1H1920232003292110PZ,L1GST,EO1,HYPERION,2003-10-19,2003 292 09:44:57,2003 292 09:46:05,1081,2931,33,163.694137,25.540972,-0.4527,53.741789,15.157868,53.724608,15.26955,52.976119,14.791722,52.959276,14.901567,WGS84,WGS84,30.0,UTM,GTOPO30,40,80,Y,Y,N,POLAND,1081x2931
165,POLAND,EO1H1920232004263110PY,L1GST,EO1,HYPERION,2004-09-19,2004 263 09:45:17,2004 263 09:46:26,1141,3141,33,158.264973,35.909531,-3.069,53.869004,14.678379,53.852271,14.791055,53.045409,14.295112,53.028759,14.405777,WGS84,WGS84,30.0,UTM,GTOPO30,40,80,Y,Y,N,POLAND,1141x3141
166,SPAIN,EO1H1990322015069110K2,L1GST,EO1,HYPERION,2015-03-10,2015 069 09:28:51,2015 069 09:33:10,1041,3531,30,130.029822,32.863711,10.256,39.967909,-0.198284,39.952271,-0.111574,39.041037,-0.500163,39.025658,-0.414508,WGS84,WGS84,30.0,UTM,SRTM-2,40,80,Y,Y,N,SPAIN,1041x3531
167,SPAIN,EO1H1990322015177110K2,L1GST,EO1,HYPERION,2015-06-26,2015 177 09:14:46,2015 177 09:19:05,981,3541,30,101.86865,51.311331,2.3696,39.969116,-0.203499,39.954902,-0.119539,39.038924,-0.489838,39.024949,-0.40691,WGS84,WGS84,30.0,UTM,SRTM-2,40,80,Y,Y,N,SPAIN,981x3541
168,SPAIN,EO1H1990322016255110K2,L1GST,EO1,HYPERION,2016-09-11,2016 255 08:30:43,2016 255 08:35:03,991,3481,30,113.477666,32.0366,6.5109,39.924005,-0.215517,39.909218,-0.129879,39.010015,-0.502987,38.995488,-0.419072,WGS84,WGS84,30.0,UTM,SRTM-2,40,80,Y,Y,N,SPAIN,991x3481
169,SPAIN,EO1H1990322017058110K2,L1GST,EO1,HYPERION,2017-02-27,2017 058 08:07:56,2017 058 08:12:15,971,3531,30,115.62657,16.281175,3.1164,39.909915,-0.225211,39.895735,-0.142018,38.979359,-0.510295,38.965416,-0.428124,WGS84,WGS84,30.0,UTM,SRTM-2,40,80,Y,Y,N,SPAIN,971x3531
170,SPAIN,EO1H1990342015237110KF,L1GST,EO1,HYPERION,2015-08-25,2015 237 09:24:10,2015 237 09:28:29,1101,3241,30,114.544602,44.86153,20.276,37.336592,-1.954516,37.318426,-1.86073,36.488198,-2.230383,36.470263,-2.137891,WGS84,WGS84,30.0,UTM,SRTM-2,40,80,Y,Y,N,SPAIN,1101x3241
171,SPAIN,EO1H2010332012303110KU,L1GST,EO1,HYPERION,2012-10-29,2012 303 10:36:35,2012 303 10:40:55,1201,3451,30,156.302765,34.077956,14.513,39.572479,-3.673748,39.555939,-3.584267,38.661729,-3.979333,38.645684,-3.890248,WGS84,WGS84,30.0,UTM,SRTM-2,40,80,Y,Y,N,SPAIN,1201x3451
172,SPAIN,EO1H2010332013229110KU,L1GST,EO1,HYPERION,2013-08-17,2013 229 10:25:30,2013 229 10:29:49,1231,3511,30,128.60989,54.374873,17.209,39.591184,-3.664497,39.57384,-3.572194,38.666039,-3.981115,38.648663,-3.889594,WGS84,WGS84,30.0,UTM,SRTM-2,40,80,Y,Y,N,SPAIN,1231x3511
173,SPAIN,EO1H2010332013258110KR,L1GST,EO1,HYPERION,2013-09-15,2013 258 10:22:44,2013 258 10:27:04,1201,3451,30,139.871597,46.648471,15.699,39.548208,-3.614853,39.531354,-3.524718,38.639222,-3.921117,38.622594,-3.831722,WGS84,WGS84,30.0,UTM,SRTM-2,40,80,Y,Y,N,SPAIN,1201x3451
174,SPAIN,EO1H2010332014097110KU,L1GST,EO1,HYPERION,2014-04-07,2014 097 10:10:02,2014 097 10:14:22,1211,3511,30,130.802828,47.169211,14.437,39.766916,-3.60909,39.750595,-3.520074,38.840372,-3.919557,38.824006,-3.831294,WGS84,WGS84,30.0,UTM,SRTM-2,40,80,Y,Y,N,SPAIN,1211x3511
175,SPAIN,EO1H2010332014102110KW,L1GST,EO1,HYPERION,2014-04-12,2014 102 09:57:50,2014 102 10:02:08,1001,3241,30,125.941674,47.01183,-6.3467,39.655276,-3.659506,39.641942,-3.575202,38.799922,-3.9066,38.786756,-3.823272,WGS84,WGS84,30.0,UTM,SRTM-2,40,80,Y,Y,N,SPAIN,1001x3241
176,SPAIN,EO1H2010332014121110KR,L1GST,EO1,HYPERION,2014-05-01,2014 121 10:09:11,2014 121 10:13:31,1201,3461,30,123.87338,54.304398,16.158,39.699588,-3.559857,39.682695,-3.469189,38.786962,-3.868785,38.770301,-3.778526,WGS84,WGS84,30.0,UTM,SRTM-2,40,80,Y,Y,N,SPAIN,1201x3461
177,SPAIN,EO1H2010332014153110KR,L1GST,EO1,HYPERION,2014-06-02,2014 153 10:06:50,2014 153 10:11:10,1221,3511,30,113.627136,58.704277,15.654,39.685494,-3.567791,39.66834,-3.476436,38.759304,-3.879845,38.742384,-3.78927,WGS84,WGS84,30.0,UTM,SRTM-2,40,80,Y,Y,N,SPAIN,1221x3511
178,SPAIN,EO1H2010332014217110KU,L1GST,EO1,HYPERION,2014-08-05,2014 217 09:59:36,2014 217 10:03:56,1171,3511,30,116.203696,52.473293,10.747,39.619076,-3.655677,39.603854,-3.569994,38.690296,-3.957645,38.675285,-3.872678,WGS84,WGS84,30.0,UTM,SRTM-2,40,80,Y,Y,N,SPAIN,1171x3511
179,SPAIN,EO1H2010332014343110KR,L1GST,EO1,HYPERION,2014-12-09,2014 343 09:55:57,2014 343 10:00:17,1241,3451,30,148.219138,21.07184,20.724,39.6825,-3.571962,39.663748,-3.475706,38.774649,-3.888321,38.756147,-3.792876,WGS84,WGS84,30.0,UTM,SRTM-2,40,80,Y,Y,N,SPAIN,1241x3451
180,SPAIN,EO1H2010332015026110KT,L1GST,EO1,HYPERION,2015-01-26,2015 026 09:36:54,2015 026 09:41:14,1071,3511,30,137.551316,20.0589,-5.0115,39.651296,-3.59548,39.637918,-3.510839,38.72075,-3.865911,38.70756,-3.781643,WGS84,WGS84,30.0,UTM,SRTM-2,40,80,Y,Y,N,SPAIN,1071x3511
181,SPAIN,EO1H2010332015064110KU,L1GST,EO1,HYPERION,2015-03-05,2015 064 09:43:44,2015 064 09:48:04,1171,3461,30,131.199561,31.496183,11.934,39.63615,-3.647795,39.620391,-3.560342,38.72364,-3.946357,38.708091,-3.859968,WGS84,WGS84,30.0,UTM,SRTM-2,40,80,Y,Y,N,SPAIN,1171x3461
182,SPAIN,EO1H2010332015091110KU,L1GST,EO1,HYPERION,2015-04-01,2015 091 09:42:01,2015 091 09:46:20,1171,3461,30,124.651867,40.742486,13.11,39.721989,-3.619895,39.706209,-3.53234,38.808188,-3.921215,38.792622,-3.834728,WGS84,WGS84,30.0,UTM,SRTM-2,40,80,Y,Y,N,SPAIN,1171x3461
183,SPAIN,EO1H2010332015110110KR,L1GST,EO1,HYPERION,2015-04-20,2015 110 09:43:42,2015 110 09:48:01,1231,3461,30,120.093557,47.091811,18.897,39.787294,-3.532888,39.769581,-3.439303,38.876615,-3.845669,38.859142,-3.752873,WGS84,WGS84,30.0,UTM,SRTM-2,40,80,Y,Y,N,SPAIN,1231x3461
184,SPAIN,EO1H2010332015202110KR,L1GST,EO1,HYPERION,2015-07-21,2015 202 09:35:03,2015 202 09:39:23,1221,3461,30,105.826613,50.293204,18.384,39.656519,-3.578394,39.639107,-3.486026,38.744628,-3.890021,38.727189,-3.797388,WGS84,WGS84,30.0,UTM,SRTM-2,40,80,Y,Y,N,SPAIN,1221x3461
185,SPAIN,EO1H2010332015210110KU,L1GST,EO1,HYPERION,2015-07-29,2015 210 09:29:44,2015 210 09:34:04,1161,3511,30,106.652054,48.188418,10.354,39.652912,-3.647255,39.637683,-3.561882,38.726343,-3.946393,38.711595,-3.86139,WGS84,WGS84,30.0,UTM,SRTM-2,40,80,Y,Y,N,SPAIN,1161x3511
186,SPAIN,EO1H2010332015324110KU,L1GST,EO1,HYPERION,2015-11-20,2015 324 09:22:48,2015 324 09:27:08,1221,3521,30,140.681083,20.928253,17.083,39.568714,-3.670569,39.551909,-3.579346,38.641156,-3.9825,38.62458,-3.892399,WGS84,WGS84,30.0,UTM,SRTM-2,40,80,Y,Y,N,SPAIN,1221x3521
187,SPAIN,EO1H2010332016035110KU,L1GST,EO1,HYPERION,2016-02-04,2016 035 09:12:46,2016 035 09:17:06,1181,3501,30,130.739363,18.437826,13.315,39.601745,-3.661103,39.585733,-3.572291,38.676715,-3.965395,38.660917,-3.878021,WGS84,WGS84,30.0,UTM,SRTM-2,40,80,Y,Y,N,SPAIN,1181x3501
188,SPAIN,EO1H2010332016065110KU,L1GST,EO1,HYPERION,2016-03-05,2016 065 09:12:47,2016 065 09:17:07,1211,3411,30,124.135979,26.965847,18.75,39.671363,-3.634479,39.653998,-3.541728,38.775592,-3.940481,38.757923,-3.847793,WGS84,WGS84,30.0,UTM,SRTM-2,40,80,Y,Y,N,SPAIN,1211x3411
189,SPAIN,EO1H2010332016212110KR,L1GST,EO1,HYPERION,2016-07-30,2016 212 08:56:48,2016 212 09:01:07,1231,3461,30,100.56707,41.798143,19.658,39.687672,-3.564657,39.669451,-3.469099,38.777439,-3.876959,38.759463,-3.78221,WGS84,WGS84,30.0,UTM,SRTM-2,40,80,Y,Y,N,SPAIN,1231x3461
190,SPAIN,EO1H2010332016247110KW,L1GST,EO1,HYPERION,2016-09-03,2016 247 08:38:06,2016 247 08:42:24,1011,3291,30,108.901741,32.555586,-5.8651,39.620624,-3.668612,39.607571,-3.583653,38.749552,-3.917699,38.73667,-3.833396,WGS84,WGS84,30.0,UTM,SRTM-2,40,80,Y,Y,N,SPAIN,1011x3291
191,SPAIN,EO1H2010332016261110KR,L1GST,EO1,HYPERION,2016-09-17,2016 261 08:49:54,2016 261 08:54:14,1231,3511,30,116.856692,31.889301,17.698,39.62323,-3.586505,39.605826,-3.493829,38.698594,-3.8998,38.681162,-3.807223,WGS84,WGS84,30.0,UTM,SRTM-2,40,80,Y,Y,N,SPAIN,1231x3511
192,SPAIN,EO1H2010332016321110KR,L1GST,EO1,HYPERION,2016-11-16,2016 321 08:44:03,2016 321 08:48:22,1251,3521,30,132.453167,16.515896,19.87,39.581805,-3.599778,39.56388,-3.505056,38.656823,-3.91755,38.638612,-3.822257,WGS84,WGS84,30.0,UTM,SRTM-2,40,80,Y,Y,N,SPAIN,1251x3521
193,SPAIN,EO1H2020342013284110KF,L1GST,EO1,HYPERION,2013-10-11,2013 284 10:06:55,2013 284 10:11:13,881,3281,29,140.392107,36.752901,-25.682,38.076006,-6.510339,38.06098,-6.402932,37.216227,-6.720218,37.201181,-6.615001,WGS84,WGS84,30.0,UTM,SRTM-2,40,80,Y,Y,N,SPAIN,881x3281
194,SPAIN,EO1H2020342016359110KF,L1GST,EO1,HYPERION,2016-12-24,2016 359 08:33:43,2016 359 08:38:02,891,3311,29,128.464225,8.485979,-7.3944,38.128748,-6.498997,38.115579,-6.41503,37.256338,-6.739303,37.243094,-6.655926,WGS84,WGS84,30.0,UTM,SRTM-2,40,80,Y,Y,N,SPAIN,891x3311
195,ARGENTINA,EO1H2260842015255110KF,L1GST,EO1,HYPERION,2015-09-12,2015 255 12:23:44,2015 255 12:28:02,1031,3291,-20,63.497921,26.622939,7.506,-34.192102,-60.63023,-34.20511,-60.549211,-35.062634,-60.858688,-35.075484,-60.776515,WGS84,WGS84,30.0,UTM,SRTM-2,40,80,Y,Y,N,ARGENTINA,1031x3291
196,ARGENTINA,EO1H2260862011361110K2,L1GST,EO1,HYPERION,2011-12-27,2011 361 13:31:24,2011 361 13:35:44,1151,3441,-20,77.404696,54.41371,-6.6363,-37.092822,-61.248353,-37.10751,-61.165038,-38.00326,-61.530399,-38.017853,-61.44611,WGS84,WGS84,30.0,UTM,SRTM-2,40,80,Y,Y,N,ARGENTINA,1151x3441
197,ARGENTINA,EO1H2260862012004110K1,L1GST,EO1,HYPERION,2012-01-04,2012 004 13:38:19,2012 004 13:42:39,1101,3511,-20,75.887324,54.692831,5.9124,-37.093816,-61.260817,-37.107167,-61.177875,-38.02348,-61.525894,-38.037259,-61.441602,WGS84,WGS84,30.0,UTM,SRTM-2,40,80,Y,Y,N,ARGENTINA,1101x3511
198,ARGENTINA,EO1H2260862012009110K3,L1GST,EO1,HYPERION,2012-01-09,2012 009 13:30:27,2012 009 13:34:46,1161,3451,-20,77.19736,52.427811,-7.9421,-37.104169,-61.247755,-37.118851,-61.164089,-38.016285,-61.534239,-38.031151,-61.449929,WGS84,WGS84,30.0,UTM,SRTM-2,40,80,Y,Y,N,ARGENTINA,1161x3451
199,ARGENTINA,EO1H2260862012012110K0,L1GST,EO1,HYPERION,2012-01-12,2012 012 13:45:10,2012 012 13:49:31,1111,3681,-20,73.580842,54.759204,17.843,-37.076665,-61.271325,-37.090695,-61.179281,-38.052676,-61.525654,-38.066872,-61.432093,WGS84,WGS84,30.0,UTM,SRTM-2,40,80,Y,Y,N,ARGENTINA,1111x3681
200,ARGENTINA,EO1H2260862012038110K0,L1GST,EO1,HYPERION,2012-02-07,2012 038 13:42:41,2012 038 13:47:02,1111,3671,-20,67.548744,49.33317,14.555,-37.020155,-61.25305,-37.033955,-61.164448,-37.994373,-61.511787,-38.008065,-61.421724,WGS84,WGS84,30.0,UTM,SRTM-2,40,80,Y,Y,N,ARGENTINA,1111x3671
201,ARGENTINA,EO1H2260862012043110K2,L1GST,EO1,HYPERION,2012-02-12,2012 043 13:34:40,2012 043 13:39:00,1101,3441,-20,67.656225,46.790428,0.7199,-37.034797,-61.237544,-37.048415,-61.155331,-37.946715,-61.505918,-37.960495,-61.422734,WGS84,WGS84,30.0,UTM,SRTM-2,40,80,Y,Y,N,ARGENTINA,1101x3441
202,ARGENTINA,EO1H2260862012074110K3,L1GST,EO1,HYPERION,2012-03-14,2012 074 13:23:31,2012 074 13:27:50,1241,3431,-20,57.923065,37.617596,-17.106,-37.045979,-61.225815,-37.063487,-61.133708,-37.951848,-61.526986,-37.96902,-61.433482,WGS84,WGS84,30.0,UTM,SRTM-2,40,80,Y,Y,N,ARGENTINA,1241x3431
203,ARGENTINA,EO1H2260862012090110K1,L1GST,EO1,HYPERION,2012-03-30,2012 090 13:36:14,2012 090 13:40:33,1101,3501,-20,48.757736,35.558202,5.2776,-37.000934,-61.233268,-37.014528,-61.149743,-37.929852,-61.498068,-37.943603,-61.413197,WGS84,WGS84,30.0,UTM,SRTM-2,40,80,Y,Y,N,ARGENTINA,1101x3501
204,ARGENTINA,EO1H2260862012132110K0,L1GST,EO1,HYPERION,2012-05-11,2012 132 13:44:05,2012 132 13:48:26,1111,3751,-20,36.080993,25.90123,20.396,-36.977436,-61.253348,-36.991674,-61.158049,-37.970497,-61.505098,-37.984902,-61.408221,WGS84,WGS84,30.0,UTM,SRTM-2,40,80,Y,Y,N,ARGENTINA,1111x3751
205,ARGENTINA,EO1H2260862012150110K2,L1GST,EO1,HYPERION,2012-05-29,2012 150 13:33:00,2012 150 13:37:20,1101,3451,-20,36.789126,21.287155,2.3183,-37.022578,-61.234117,-37.036199,-61.152253,-37.936365,-61.499985,-37.949871,-61.416818,WGS84,WGS84,30.0,UTM,SRTM-2,40,80,Y,Y,N,ARGENTINA,1101x3451
206,ARGENTINA,EO1H2260862012197110K2,L1GST,EO1,HYPERION,2012-07-15,2012 197 13:29:50,2012 197 13:34:09,1121,3441,-20,39.456305,20.102702,-1.0915,-37.044878,-61.242708,-37.058758,-61.159802,-37.955738,-61.513932,-37.970055,-61.430044,WGS84,WGS84,30.0,UTM,SRTM-2,40,80,Y,Y,N,ARGENTINA,1121x3441
207,ARGENTINA,EO1H2260862012210110K2,L1GST,EO1,HYPERION,2012-07-28,2012 210 13:26:37,2012 210 13:30:57,1131,3371,-20,41.760953,21.793959,-6.1334,-37.091791,-61.251751,-37.106471,-61.167764,-37.985918,-61.527329,-38.000774,-61.442714,WGS84,WGS84,30.0,UTM,SRTM-2,40,80,Y,Y,N,ARGENTINA,1131x3371
208,ARGENTINA,EO1H2260862012260110K1,L1GST,EO1,HYPERION,2012-09-16,2012 260 13:35:28,2012 260 13:39:48,1071,3511,-20,47.75753,38.16027,12.058,-37.126813,-61.279981,-37.140396,-61.193628,-38.057361,-61.532737,-38.070828,-61.444998,WGS84,WGS84,30.0,UTM,SRTM-2,40,80,Y,Y,N,ARGENTINA,1071x3511
209,ARGENTINA,EO1H2260862012265110K2,L1GST,EO1,HYPERION,2012-09-21,2012 265 13:26:31,2012 265 13:30:50,1141,3501,-20,51.085391,38.633524,-3.5587,-37.115977,-61.259976,-37.129883,-61.178005,-38.043945,-61.540867,-38.058022,-61.457911,WGS84,WGS84,30.0,UTM,SRTM-2,40,80,Y,Y,N,ARGENTINA,1141x3501
210,ARGENTINA,EO1H2260862012286110K2,L1GST,EO1,HYPERION,2012-10-12,2012 286 13:27:30,2012 286 13:31:49,1121,3491,-20,56.116925,46.047012,-0.559,-37.135587,-61.269657,-37.149488,-61.186994,-38.060209,-61.544305,-38.074279,-61.460649,WGS84,WGS84,30.0,UTM,SRTM-2,40,80,Y,Y,N,ARGENTINA,1121x3491
211,ARGENTINA,EO1H2260862012299110K2,L1GST,EO1,HYPERION,2012-10-25,2012 299 13:23:14,2012 299 13:27:34,1171,3481,-20,61.411117,49.123292,-7.2643,-37.109159,-61.25608,-37.124102,-61.171391,-38.030983,-61.542151,-38.045566,-61.456465,WGS84,WGS84,30.0,UTM,SRTM-2,40,80,Y,Y,N,ARGENTINA,1171x3481
212,ARGENTINA,EO1H2260862012307110K2,L1GST,EO1,HYPERION,2012-11-02,2012 307 13:27:59,2012 307 13:32:19,1101,3441,-20,62.995233,51.850333,1.5251,-37.13506,-61.27068,-37.148687,-61.187688,-38.04579,-61.53707,-38.059846,-61.452748,WGS84,WGS84,30.0,UTM,SRTM-2,40,80,Y,Y,N,ARGENTINA,1101x3441
213,ARGENTINA,EO1H2260862012315110K1,L1GST,EO1,HYPERION,2012-11-10,2012 315 13:32:42,2012 315 13:37:01,1071,3441,-20,64.726259,54.188358,10.187,-37.16357,-61.288099,-37.177152,-61.201368,-38.076234,-61.539371,-38.089976,-61.451605,WGS84,WGS84,30.0,UTM,SRTM-2,40,80,Y,Y,N,ARGENTINA,1071x3441
214,ARGENTINA,EO1H2260862013067110K2,L1GST,EO1,HYPERION,2013-03-08,2013 067 13:21:43,2013 067 13:26:02,1131,3501,-20,60.858074,38.837232,-1.0352,-37.028825,-61.235996,-37.042701,-61.153107,-37.956514,-61.511184,-37.970554,-61.426959,WGS84,WGS84,30.0,UTM,SRTM-2,40,80,Y,Y,N,ARGENTINA,1131x3501
215,ARGENTINA,EO1H2260862013109110K2,L1GST,EO1,HYPERION,2013-04-19,2013 109 13:16:55,2013 109 13:21:15,1151,3441,-20,46.957841,27.640363,-6.3191,-37.010799,-61.223938,-37.024943,-61.141396,-37.923979,-61.503991,-37.938564,-61.420471,WGS84,WGS84,30.0,UTM,SRTM-2,40,80,Y,Y,N,ARGENTINA,1151x3441
216,ARGENTINA,EO1H2260862013112110K0,L1GST,EO1,HYPERION,2013-04-22,2013 112 13:30:23,2013 112 13:34:45,1111,3751,-20,43.090486,28.795022,17.571,-36.941807,-61.239344,-36.955552,-61.147802,-37.937668,-61.496204,-37.951042,-61.403485,WGS84,WGS84,30.0,UTM,SRTM-2,40,80,Y,Y,N,ARGENTINA,1111x3751
217,ARGENTINA,EO1H2260862014339110K1,L1GST,EO1,HYPERION,2014-12-05,2014 339 12:46:13,2014 339 12:50:33,1071,3391,-20,82.933754,47.130956,3.7963,-37.106555,-61.262888,-37.119653,-61.180952,-38.006095,-61.519409,-38.019338,-61.435832,WGS84,WGS84,30.0,UTM,SRTM-2,40,80,Y,Y,N,ARGENTINA,1071x3391
218,ARGENTINA,EO1H2260862014355110K2,L1GST,EO1,HYPERION,2014-12-21,2014 355 12:40:32,2014 355 12:44:52,1141,3481,-20,86.496361,45.081991,-4.0962,-37.042661,-61.23905,-37.056815,-61.156476,-37.966589,-61.516787,-37.980907,-61.432886,WGS84,WGS84,30.0,UTM,SRTM-2,40,80,Y,Y,N,ARGENTINA,1141x3481
219,ARGENTINA,EO1H2260862015001110K1,L1GST,EO1,HYPERION,2015-01-01,2015 001 12:48:28,2015 001 12:52:47,1091,3571,-20,85.506649,45.346811,11.363,-37.096358,-61.268181,-37.109927,-61.181522,-38.042645,-61.523461,-38.056372,-61.43539,WGS84,WGS84,30.0,UTM,SRTM-2,40,80,Y,Y,N,ARGENTINA,1091x3571
220,ARGENTINA,EO1H2260862015071110K1,L1GST,EO1,HYPERION,2015-03-12,2015 071 12:41:14,2015 071 12:45:33,1061,3461,-20,68.076092,30.8317,9.0693,-36.998016,-61.23704,-37.011067,-61.153199,-37.916201,-61.487767,-37.929135,-61.40293,WGS84,WGS84,30.0,UTM,SRTM-2,40,80,Y,Y,N,ARGENTINA,1061x3461
221,ARGENTINA,EO1H2260862015090110K0,L1GST,EO1,HYPERION,2015-03-31,2015 090 12:43:33,2015 090 12:47:53,1111,3741,-20,60.399049,26.99812,15.74,-36.956654,-61.237655,-36.970159,-61.148122,-37.951715,-61.495235,-37.965386,-61.404539,WGS84,WGS84,30.0,UTM,SRTM-2,40,80,Y,Y,N,ARGENTINA,1111x3741
222,ARGENTINA,EO1H2260862015114110K2,L1GST,EO1,HYPERION,2015-04-24,2015 114 12:30:18,2015 114 12:34:38,1131,3491,-20,55.380215,19.438677,-3.842,-36.959209,-61.209638,-36.973069,-61.126821,-37.884276,-61.486031,-37.898575,-61.402219,WGS84,WGS84,30.0,UTM,SRTM-2,40,80,Y,Y,N,ARGENTINA,1131x3491
223,ARGENTINA,EO1H2260862015136110K0,L1GST,EO1,HYPERION,2015-05-16,2015 136 12:41:41,2015 136 12:46:02,1091,3681,-20,48.573388,16.696319,19.014,-36.987157,-61.25245,-37.001135,-61.157821,-37.964197,-61.498737,-37.978071,-61.402904,WGS84,WGS84,30.0,UTM,SRTM-2,40,80,Y,Y,N,ARGENTINA,1091x3681
224,ARGENTINA,EO1H2260862015163110K0,L1GST,EO1,HYPERION,2015-06-12,2015 163 12:37:06,2015 163 12:41:27,1101,3681,-20,47.428551,12.401876,15.738,-36.984876,-61.244418,-36.99812,-61.155196,-37.96094,-61.49778,-37.974342,-61.407079,WGS84,WGS84,30.0,UTM,SRTM-2,40,80,Y,Y,N,ARGENTINA,1101x3681
225,ARGENTINA,EO1H2260862015228110K0,L1GST,EO1,HYPERION,2015-08-16,2015 228 12:30:48,2015 228 12:35:08,1091,3671,-20,55.825419,17.760193,14.86,-37.079633,-61.270922,-37.093159,-61.181249,-38.053483,-61.525293,-38.067169,-61.434135,WGS84,WGS84,30.0,UTM,SRTM-2,40,80,Y,Y,N,ARGENTINA,1091x3671
226,ARGENTINA,EO1H2260862015347110K2,L1GST,EO1,HYPERION,2015-12-13,2015 347 12:06:30,2015 347 12:10:51,1161,3491,-20,90.797426,38.968116,-7.4361,-37.154734,-61.26618,-37.169152,-61.182129,-38.080013,-61.549728,-38.094608,-61.46467,WGS84,WGS84,30.0,UTM,SRTM-2,40,80,Y,Y,N,ARGENTINA,1161x3491
227,ARGENTINA,EO1H2260862015358110K2,L1GST,EO1,HYPERION,2015-12-24,2015 358 12:10:15,2015 358 12:14:35,1111,3501,-20,91.428709,38.803129,1.1552,-37.02883,-61.236332,-37.042177,-61.154131,-37.956424,-61.504015,-37.970197,-61.420478,WGS84,WGS84,30.0,UTM,SRTM-2,40,80,Y,Y,N,ARGENTINA,1111x3501
228,ARGENTINA,EO1H2260862016015110K0,L1GST,EO1,HYPERION,2016-01-15,2016 015 12:17:27,2016 015 12:21:47,1111,3741,-20,89.356412,37.116064,17.5,-37.038694,-61.263415,-37.052184,-61.171767,-38.032022,-61.517179,-38.0454,-61.423661,WGS84,WGS84,30.0,UTM,SRTM-2,40,80,Y,Y,N,ARGENTINA,1111x3741
229,ARGENTINA,EO1H2260862016034110K0,L1GST,EO1,HYPERION,2016-02-03,2016 034 12:14:33,2016 034 12:18:54,1091,3691,-20,85.824602,33.142392,16.142,-37.079363,-61.270928,-37.092629,-61.181936,-38.05942,-61.52449,-38.073111,-61.433666,WGS84,WGS84,30.0,UTM,SRTM-2,40,80,Y,Y,N,ARGENTINA,1091x3691
230,ARGENTINA,EO1H2260862016230110K0,L1GST,EO1,HYPERION,2016-08-17,2016 230 11:54:09,2016 230 11:58:30,1091,3681,-20,62.74226,11.984332,17.935,-37.056072,-61.268417,-37.069815,-61.175395,-38.032824,-61.51648,-38.046454,-61.42159,WGS84,WGS84,30.0,UTM,SRTM-2,40,80,Y,Y,N,ARGENTINA,1091x3681
231,ARGENTINA,EO1H2260862016350110K0,L1GST,EO1,HYPERION,2016-12-15,2016 350 11:42:35,2016 350 11:46:56,1081,3691,-20,94.633614,34.072711,22.194,-37.121013,-61.29023,-37.135219,-61.191049,-38.098952,-61.529171,-38.113324,-61.428371,WGS84,WGS84,30.0,UTM,SRTM-2,40,80,Y,Y,N,ARGENTINA,1081x3691
232,ARGENTINA,EO1H2260872016050110PF,L1GST,EO1,HYPERION,2016-02-19,2016 050 12:02:01,2016 050 12:06:19,1081,3291,-20,82.995524,26.813734,-7.2432,-38.194983,-62.096535,-38.209172,-62.012485,-39.064337,-62.368946,-39.078982,-62.284266,WGS84,WGS84,30.0,UTM,SRTM-2,40,80,Y,Y,N,ARGENTINA,1081x3291
233,ARGENTINA,EO1H2270872016039110KF,L1GST,EO1,HYPERION,2016-02-08,2016 039 11:58:46,2016 039 12:03:04,1161,3291,-20,87.461074,27.733372,-19.923,-38.148932,-62.893833,-38.166649,-62.799708,-39.013174,-63.190301,-39.031398,-63.094423,WGS84,WGS84,30.0,UTM,SRTM-2,40,80,Y,Y,N,ARGENTINA,1161x3291
234,ARGENTINA,EO1H2290822012007110P1,L1GST,EO1,HYPERION,2012-01-07,2012 007 13:51:46,2012 007 13:56:10,1171,4351,-20,83.003231,55.43857,-0.3761,-31.616637,-64.358442,-31.629872,-64.282154,-32.771655,-64.668835,-32.785107,-64.591316,WGS84,WGS84,30.0,UTM,SRTM-2,40,80,Y,Y,N,ARGENTINA,1171x4351
235,ARGENTINA,EO1H2320772012224110KF,L1GST,EO1,HYPERION,2012-08-11,2012 224 13:57:10,2012 224 14:01:29,1081,3341,-19,47.133616,36.051026,-6.3414,-23.760327,-66.315916,-23.773675,-66.24392,-24.647015,-66.533168,-24.660139,-66.459791,WGS84,WGS84,30.0,UTM,SRTM-2,40,80,Y,Y,N,ARGENTINA,1081x3341
236,AUSTRALIA_Q,EO1H0900792011019110KF,L1GST,EO1,HYPERION,2011-01-19,2011 019 23:25:03,2011 019 23:29:22,1071,3311,-56,87.930658,53.051515,-21.932,-26.701326,151.167822,-26.718666,151.254909,-27.568745,150.926884,-27.586542,151.014889,WGS84,WGS84,30.0,UTM,SRTM-2,40,80,Y,Y,N,AUSTRALIA,1071x3311
237,AUSTRALIA_Q,EO1H0910762015071110KF,L1GST,EO1,HYPERION,2015-03-12,2015 071 22:28:11,2015 071 22:32:29,1001,3321,-56,76.854501,34.28811,-17.297,-23.256125,151.232264,-23.271067,151.310282,-24.132181,151.01108,-24.147539,151.08987,WGS84,WGS84,30.0,UTM,SRTM-2,40,80,Y,Y,N,AUSTRALIA,1001x3321
238,AUSTRALIA_Q,EO1H0930762009293110PX,L1GST,EO1,HYPERION,2009-10-20,2009 293 23:50:08,2009 293 23:54:28,1061,3581,-55,70.272075,58.895247,1.2341,-23.202793,148.531735,-23.215628,148.602751,-24.15473,148.305132,-24.167369,148.376946,WGS84,WGS84,30.0,UTM,SRTM-2,40,80,Y,Y,N,AUSTRALIA,1061x3581
239,AUSTRALIA_Q,EO1H0940792011354110KF,L1GST,EO1,HYPERION,2011-12-20,2011 354 23:50:43,2011 354 23:55:02,981,3291,-55,90.023736,57.227792,-12.774,-27.693213,145.131754,-27.70805,145.209909,-28.560215,144.898565,-28.575493,144.977911,WGS84,WGS84,30.0,UTM,SRTM-2,40,80,Y,Y,N,AUSTRALIA,981x3291
240,AUSTRALIA_Q,EO1H0940792012002110KF,L1GST,EO1,HYPERION,2012-01-02,2012 002 23:49:52,2012 002 23:54:11,991,3251,-55,89.971507,55.489759,-14.051,-27.691051,145.132097,-27.706166,145.210854,-28.54752,144.900349,-28.562801,144.979992,WGS84,WGS84,30.0,UTM,SRTM-2,40,80,Y,Y,N,AUSTRALIA,991x3251
241,AUSTRALIA_Q,EO1H0950742006351110PZ,L1GST,EO1,HYPERION,2006-12-17,2006 351 00:07:47,2006 351 00:12:06,921,3241,-55,102.48738,61.360011,6.3236,-19.394237,145.904651,-19.407387,145.975625,-20.253837,145.711116,-20.266811,145.78245,WGS84,WGS84,30.0,UTM,SRTM-2,40,80,Y,Y,N,AUSTRALIA,921x3241
242,AUSTRALIA_Q,EO1H0960762009248110KF,L1GST,EO1,HYPERION,2009-09-05,2009 248 00:03:57,2009 248 00:08:17,1131,3501,-54,51.870664,44.379356,-9.1343,-23.439076,143.7829,-23.452898,143.856789,-24.369977,143.550115,-24.38413,143.624834,WGS84,WGS84,30.0,UTM,SRTM-2,40,80,Y,Y,N,AUSTRALIA,1131x3501
243,AUSTRALIA_Q,EO1H0960762009333110KF,L1GST,EO1,HYPERION,2009-11-29,2009 333 00:03:56,2009 333 00:08:16,1101,3451,-54,91.545298,60.589394,-9.2427,-23.442308,143.783847,-23.456145,143.856856,-24.358248,143.555201,-24.371603,143.629009,WGS84,WGS84,30.0,UTM,SRTM-2,40,80,Y,Y,N,AUSTRALIA,1101x3451
244,AUSTRALIA_Q,EO1H0960762009351110KF,L1GST,EO1,HYPERION,2009-12-17,2009 351 00:02:29,2009 351 00:06:48,1141,3501,-54,95.98178,58.817793,-11.945,-23.397454,143.793763,-23.411793,143.868812,-24.328408,143.558443,-24.342809,143.634324,WGS84,WGS84,30.0,UTM,SRTM-2,40,80,Y,Y,N,AUSTRALIA,1141x3501
245,AUSTRALIA_Q,EO1H0960762010120110KF,L1GST,EO1,HYPERION,2010-04-30,2010 120 00:00:22,2010 120 00:04:41,1081,3181,-54,45.163941,38.656047,-15.807,-23.209694,143.845507,-23.22503,143.924275,-24.050756,143.628394,-24.066426,143.70767,WGS84,WGS84,30.0,UTM,SRTM-2,40,80,Y,Y,N,AUSTRALIA,1081x3181
246,AUSTRALIA_Q,EO1H0960762010293110KF,L1GST,EO1,HYPERION,2010-10-20,2010 293 00:02:57,2010 293 00:07:17,1111,3461,-54,70.803674,57.313194,-11.097,-23.285903,143.82367,-23.299725,143.896887,-24.205974,143.592896,-24.220119,143.667223,WGS84,WGS84,30.0,UTM,SRTM-2,40,80,Y,Y,N,AUSTRALIA,1111x3461
247,AUSTRALIA_Q,EO1H0960762010355110KF,L1GST,EO1,HYPERION,2010-12-21,2010 355 00:02:45,2010 355 00:07:04,1131,3501,-54,96.365153,58.480955,-11.262,-23.317171,143.816415,-23.331233,143.891413,-24.245409,143.582768,-24.259527,143.658889,WGS84,WGS84,30.0,UTM,SRTM-2,40,80,Y,Y,N,AUSTRALIA,1131x3501
248,AUSTRALIA_Q,EO1H0960762011201110KF,L1GST,EO1,HYPERION,2011-07-20,2011 201 23:55:31,2011 201 23:59:49,1151,3251,-54,43.307389,31.96164,-23.065,-23.279629,143.826186,-23.297248,143.913542,-24.136571,143.597984,-24.153991,143.686199,WGS84,WGS84,30.0,UTM,SRTM-2,40,80,Y,Y,N,AUSTRALIA,1151x3251
249,AUSTRALIA_Q,EO1H0960762011228110KF,L1GST,EO1,HYPERION,2011-08-16,2011 227 23:58:38,2011 228 00:02:56,1101,3251,-54,47.796622,37.649746,-17.163,-23.273781,143.820199,-23.289374,143.900182,-24.134354,143.60089,-24.150008,143.681692,WGS84,WGS84,30.0,UTM,SRTM-2,40,80,Y,Y,N,AUSTRALIA,1101x3251
250,AUSTRALIA_Q,EO1H0960762011280110KF,L1GST,EO1,HYPERION,2011-10-07,2011 280 00:03:46,2011 280 00:08:07,1091,3451,-54,63.858933,54.230095,-6.1036,-23.285675,143.821321,-23.298724,143.892469,-24.205091,143.59701,-24.218194,143.668954,WGS84,WGS84,30.0,UTM,SRTM-2,40,80,Y,Y,N,AUSTRALIA,1091x3451
251,AUSTRALIA_Q,EO1H0960762011362110KF,L1GST,EO1,HYPERION,2011-12-28,2011 362 23:56:37,2011 363 00:00:56,1111,3321,-54,96.726057,56.192108,-17.684,-23.287345,143.818725,-23.302944,143.898423,-24.164511,143.595009,-24.180177,143.675241,WGS84,WGS84,30.0,UTM,SRTM-2,40,80,Y,Y,N,AUSTRALIA,1111x3321
252,AUSTRALIA_Q,EO1H0960762012070110KF,L1GST,EO1,HYPERION,2012-03-10,2012 070 23:56:45,2012 071 00:01:04,1151,3511,-54,67.980784,47.325522,-14.518,-23.199643,143.847339,-23.21447,143.924337,-24.132292,143.610584,-24.147177,143.68872,WGS84,WGS84,30.0,UTM,SRTM-2,40,80,Y,Y,N,AUSTRALIA,1151x3511
253,AUSTRALIA_Q,EO1H0960762013205110KF,L1GST,EO1,HYPERION,2013-07-24,2013 205 23:42:28,2013 205 23:46:48,1101,3521,-54,46.665199,30.48193,-7.6676,-23.254502,143.838246,-23.267794,143.910555,-24.188624,143.609961,-24.202247,143.682793,WGS84,WGS84,30.0,UTM,SRTM-2,40,80,Y,Y,N,AUSTRALIA,1101x3521
254,AUSTRALIA_Q,EO1H0960762014017110KF,L1GST,EO1,HYPERION,2014-01-17,2014 017 23:28:54,2014 017 23:33:14,1131,3461,-54,95.063204,47.429094,-15.336,-23.257892,143.830408,-23.272713,143.908024,-24.174741,143.598462,-24.189629,143.676622,WGS84,WGS84,30.0,UTM,SRTM-2,40,80,Y,Y,N,AUSTRALIA,1131x3461
255,AUSTRALIA_Q,EO1H0960762014118110KF,L1GST,EO1,HYPERION,2014-04-28,2014 118 23:22:12,2014 118 23:26:32,1171,3571,-54,53.358638,32.202624,-15.941,-23.174604,143.854422,-23.189159,143.931402,-24.124106,143.614253,-24.138718,143.692379,WGS84,WGS84,30.0,UTM,SRTM-2,40,80,Y,Y,N,AUSTRALIA,1171x3571
256,AUSTRALIA_Q,EO1H0980702006155110KF,L1GST,EO1,HYPERION,2006-06-04,2006 155 00:33:30,2006 155 00:37:49,961,3261,-54,37.383263,42.82313,20.71,-14.920132,141.915509,-14.934713,141.994705,-15.78215,141.735181,-15.796776,141.814977,WGS84,WGS84,30.0,UTM,SRTM-2,40,80,Y,Y,N,AUSTRALIA,961x3261
257,AUSTRALIA_Q,EO1H0980702006170110KF,L1GST,EO1,HYPERION,2006-06-19,2006 170 00:37:13,2006 170 00:41:31,991,3261,-54,36.33261,42.129905,27.257,-14.923696,141.90605,-14.940131,141.996125,-15.786507,141.729875,-15.802721,141.820594,WGS84,WGS84,30.0,UTM,SRTM-2,40,80,Y,Y,N,AUSTRALIA,991x3261
258,AUSTRALIA_Q,EO1H0980702006264110PF,L1GST,EO1,HYPERION,2006-09-21,2006 264 00:19:57,2006 264 00:24:15,981,3251,-54,64.725497,55.339016,-8.0515,-14.966496,141.918763,-14.979761,141.988218,-15.82748,141.723019,-15.841064,141.792475,WGS84,WGS84,30.0,UTM,SRTM-2,40,80,Y,Y,N,AUSTRALIA,981x3251
259,AUSTRALIA_Q,EO1H0980722009084110PF,L1GST,EO1,HYPERION,2009-03-25,2009 084 00:22:46,2009 084 00:27:04,951,3251,-54,63.336245,50.979927,-0.6572,-17.316437,141.110696,-17.32913,141.178394,-18.179035,140.915415,-18.191522,140.983708,WGS84,WGS84,30.0,UTM,SRTM-2,40,80,Y,Y,N,AUSTRALIA,951x3251
260,AUSTRALIA_Q,EO1H0980732006127110KF,L1GST,EO1,HYPERION,2006-05-07,2006 127 00:07:50,2006 127 00:12:09,1131,3251,-54,46.408064,40.581017,-28.402,-18.178673,141.675738,-18.198107,141.76963,-19.033123,141.460085,-19.052649,141.554714,WGS84,WGS84,30.0,UTM,SRTM-2,40,80,Y,Y,N,AUSTRALIA,1131x3251
261,AUSTRALIA_Q,EO1H0980732006172110KF,L1GST,EO1,HYPERION,2006-06-21,2006 172 00:19:07,2006 172 00:23:26,991,3301,-54,39.152251,36.682367,-7.2107,-18.179199,141.680263,-18.19249,141.750596,-19.053415,141.475824,-19.067041,141.546791,WGS84,WGS84,30.0,UTM,SRTM-2,40,80,Y,Y,N,AUSTRALIA,991x3301
262,AUSTRALIA_Q,EO1H0980732009192110KF,L1GST,EO1,HYPERION,2009-07-11,2009 192 00:27:09,2009 192 00:31:28,951,3261,-54,39.269752,38.20808,14.423,-18.303517,141.640729,-18.316809,141.714226,-19.167614,141.453322,-19.180967,141.527468,WGS84,WGS84,30.0,UTM,SRTM-2,40,80,Y,Y,N,AUSTRALIA,951x3261
263,AUSTRALIA_Q,EO1H0980732009210110KF,L1GST,EO1,HYPERION,2009-07-29,2009 210 00:26:18,2009 210 00:30:37,941,3251,-54,42.573176,40.446223,12.709,-18.298634,141.641279,-18.311659,141.713638,-19.161375,141.454163,-19.174462,141.52688,WGS84,WGS84,30.0,UTM,SRTM-2,40,80,Y,Y,N,AUSTRALIA,941x3251
264,AUSTRALIA_Q,EO1H0980732010175110KF,L1GST,EO1,HYPERION,2010-06-24,2010 175 00:30:03,2010 175 00:34:22,961,3321,-54,36.878009,38.205972,20.265,-18.169769,141.663219,-18.184115,141.742617,-19.047991,141.476662,-19.062131,141.556742,WGS84,WGS84,30.0,UTM,SRTM-2,40,80,Y,Y,N,AUSTRALIA,961x3321
265,AUSTRALIA_Q,EO1H0980732010180110KF,L1GST,EO1,HYPERION,2010-06-29,2010 180 00:23:56,2010 180 00:28:15,961,3321,-54,38.637524,37.353606,7.9751,-18.100545,141.687048,-18.113295,141.756495,-18.98234,141.491295,-18.994879,141.561658,WGS84,WGS84,30.0,UTM,SRTM-2,40,80,Y,Y,N,AUSTRALIA,961x3321
266,AUSTRALIA_Q,EO1H0980732010219110KF,L1GST,EO1,HYPERION,2010-08-07,2010 219 00:34:42,2010 219 00:39:01,991,3261,-54,42.477585,43.637141,28.018,-18.214852,141.641557,-18.231321,141.735158,-19.077029,141.465621,-19.093301,141.559683,WGS84,WGS84,30.0,UTM,SRTM-2,40,80,Y,Y,N,AUSTRALIA,991x3261
267,AUSTRALIA_Q,EO1H0980732010237110KF,L1GST,EO1,HYPERION,2010-08-25,2010 237 00:32:06,2010 237 00:36:25,971,3241,-54,47.862833,47.933467,23.558,-18.168705,141.657267,-18.183843,141.742902,-19.026568,141.47831,-19.041773,141.564649,WGS84,WGS84,30.0,UTM,SRTM-2,40,80,Y,Y,N,AUSTRALIA,971x3241
268,AUSTRALIA_Q,EO1H0980732010286110KF,L1GST,EO1,HYPERION,2010-10-13,2010 286 00:29:55,2010 286 00:34:13,961,3321,-54,70.688369,61.53534,19.952,-18.224035,141.652075,-18.238115,141.731212,-19.103328,141.465413,-19.117745,141.544949,WGS84,WGS84,30.0,UTM,SRTM-2,40,80,Y,Y,N,AUSTRALIA,961x3321
269,AUSTRALIA_Q,EO1H0980732010299110KF,L1GST,EO1,HYPERION,2010-10-26,2010 299 00:33:07,2010 299 00:37:26,971,3281,-54,79.169182,64.551362,25.786,-18.231124,141.640476,-18.246803,141.728128,-19.099001,141.461121,-19.114479,141.549492,WGS84,WGS84,30.0,UTM,SRTM-2,40,80,Y,Y,N,AUSTRALIA,971x3281
270,AUSTRALIA_Q,EO1H0980732011195110KF,L1GST,EO1,HYPERION,2011-07-14,2011 195 00:23:18,2011 195 00:27:37,941,3251,-54,40.543828,38.004101,8.2357,-18.127402,141.682903,-18.14015,141.753492,-18.989929,141.492459,-19.002736,141.563394,WGS84,WGS84,30.0,UTM,SRTM-2,40,80,Y,Y,N,AUSTRALIA,941x3251
271,AUSTRALIA_Q,EO1H0980732011244110KF,L1GST,EO1,HYPERION,2011-09-01,2011 244 00:14:08,2011 244 00:18:27,991,3251,-54,54.318428,46.556334,-10.306,-18.174312,141.682231,-18.187869,141.753413,-19.0347,141.478906,-19.048593,141.551006,WGS84,WGS84,30.0,UTM,SRTM-2,40,80,Y,Y,N,AUSTRALIA,991x3251
272,AUSTRALIA_Q,EO1H0980732012043110KF,L1GST,EO1,HYPERION,2012-02-12,2012 043 00:21:15,2012 043 00:25:33,961,3311,-54,87.813028,55.104395,10.202,-18.109223,141.686519,-18.121968,141.757385,-18.987212,141.494444,-19.000017,141.565949,WGS84,WGS84,30.0,UTM,SRTM-2,40,80,Y,Y,N,AUSTRALIA,961x3311
273,AUSTRALIA_Q,EO1H0980732012307110KF,L1GST,EO1,HYPERION,2012-11-02,2012 307 00:14:40,2012 307 00:18:59,951,3311,-54,86.829948,60.95214,11.329,-18.229444,141.656062,-18.242463,141.728676,-19.106311,141.465136,-19.119393,141.538115,WGS84,WGS84,30.0,UTM,SRTM-2,40,80,Y,Y,N,AUSTRALIA,951x3311
274,AUSTRALIA_Q,EO1H0980762007044110PF,L1GST,EO1,HYPERION,2007-02-13,2007 044 00:22:09,2007 044 00:26:28,961,3241,-54,80.99833,52.975495,-8.5025,-23.170272,139.84877,-23.184064,139.922142,-24.026617,139.636187,-24.0408,139.710299,WGS84,WGS84,30.0,UTM,SRTM-2,40,80,Y,Y,N,AUSTRALIA,961x3241
275,AUSTRALIA_Q,EO1H0980762007049110KF,L1GST,EO1,HYPERION,2007-02-18,2007 049 00:20:14,2007 049 00:24:32,1001,3291,-54,78.704555,51.95464,-12.259,-23.127781,139.855577,-23.142398,139.931266,-23.9979,139.636193,-24.012642,139.712348,WGS84,WGS84,30.0,UTM,SRTM-2,40,80,Y,Y,N,AUSTRALIA,1001x3291
276,AUSTRALIA_Q,EO1H0980762011260110KF,L1GST,EO1,HYPERION,2011-09-17,2011 260 00:32:10,2011 260 00:36:29,911,3251,-54,52.621192,50.569885,18.574,-23.182846,139.826986,-23.196969,139.907383,-24.042078,139.638382,-24.056048,139.719278,WGS84,WGS84,30.0,UTM,SRTM-2,40,80,Y,Y,N,AUSTRALIA,911x3251
277,AUSTRALIA_Q,EO1H0980762012074110KF,L1GST,EO1,HYPERION,2012-03-14,2012 074 00:11:29,2012 074 00:15:48,1021,3291,-54,66.742603,46.711951,-16.671,-23.059164,139.884564,-23.074601,139.963725,-23.92742,139.662282,-23.943262,139.742219,WGS84,WGS84,30.0,UTM,SRTM-2,40,80,Y,Y,N,AUSTRALIA,1021x3291
278,AUSTRALIA_Q,EO1H0980762012260110KF,L1GST,EO1,HYPERION,2012-09-16,2012 260 00:23:32,2012 260 00:27:51,901,3261,-54,54.791208,48.898323,17.476,-23.176346,139.827333,-23.189914,139.905973,-24.036934,139.63873,-24.05062,139.718152,WGS84,WGS84,30.0,UTM,SRTM-2,40,80,Y,Y,N,AUSTRALIA,901x3261
279,AUSTRALIA_Q,EO1H0980762012294110KF,L1GST,EO1,HYPERION,2012-10-20,2012 294 00:20:28,2012 294 00:24:47,901,3241,-54,70.968192,57.834789,13.483,-23.171773,139.831767,-23.18505,139.907772,-24.029362,139.640287,-24.043027,139.717347,WGS84,WGS84,30.0,UTM,SRTM-2,40,80,Y,Y,N,AUSTRALIA,901x3241
280,AUSTRALIA_Q,EO1H0980762013101110KF,L1GST,EO1,HYPERION,2013-04-11,2013 101 00:01:31,2013 101 00:05:50,981,3301,-54,55.263553,39.933757,-11.397,-23.013375,139.885231,-23.027422,139.959108,-23.884403,139.669206,-23.89857,139.743537,WGS84,WGS84,30.0,UTM,SRTM-2,40,80,Y,Y,N,AUSTRALIA,981x3301
281,AUSTRALIA_Q,EO1H0980762013125110KF,L1GST,EO1,HYPERION,2013-05-05,2013 125 00:12:06,2013 125 00:16:25,911,3301,-54,44.70017,36.997918,12.717,-23.052771,139.862073,-23.065751,139.936556,-23.927728,139.666698,-23.940821,139.741941,WGS84,WGS84,30.0,UTM,SRTM-2,40,80,Y,Y,N,AUSTRALIA,911x3301
282,AUSTRALIA_Q,EO1H0980772006073110PF,L1GST,EO1,HYPERION,2006-03-14,2006 073 00:27:22,2006 073 00:31:41,931,3231,-54,61.063486,49.582558,8.8554,-25.140827,140.425307,-25.154371,140.500768,-25.995677,140.224193,-26.009063,140.300166,WGS84,WGS84,30.0,UTM,SRTM-2,40,80,Y,Y,N,AUSTRALIA,931x3231
283,AUSTRALIA_Q,EO1H0980772006093110KF,L1GST,EO1,HYPERION,2006-04-03,2006 093 00:39:12,2006 093 00:43:31,1001,3491,-54,47.795488,47.478797,29.376,-25.103365,140.406462,-25.120262,140.508942,-26.022986,140.214717,-26.03976,140.318251,WGS84,WGS84,30.0,UTM,SRTM-2,40,80,Y,Y,N,AUSTRALIA,1001x3491
284,AUSTRALIA_Q,EO1H0990742012255110KF,L1GST,EO1,HYPERION,2012-09-11,2012 255 00:31:32,2012 255 00:35:52,961,3331,-54,54.389833,50.871676,27.717,-19.606173,139.811996,-19.621664,139.904473,-20.486043,139.630662,-20.502199,139.724197,WGS84,WGS84,30.0,UTM,SRTM-2,40,80,Y,Y,N,AUSTRALIA,961x3331
285,AUSTRALIA_Q,EO1H0990742016308110KY,L1GST,EO1,HYPERION,2016-11-03,2016 308 22:31:52,2016 308 22:36:27,1621,7081,-54,94.75835,35.004142,17.758,-19.631895,139.690459,-19.645451,139.767835,-21.527386,139.29126,-21.540903,139.369542,WGS84,WGS84,30.0,UTM,SRTM-2,40,80,Y,Y,N,AUSTRALIA,1621x7081
286,AUSTRALIA_W,EO1H1070712015175110PJ,L1GST,EO1,HYPERION,2015-06-24,2015 175 00:05:25,2015 175 00:10:01,1701,7081,-52,52.207812,26.496536,4.1633,-15.642437,128.434877,-15.654802,128.501982,-17.540222,128.022825,-17.552474,128.090838,WGS84,WGS84,30.0,UTM,SRTM-2,40,80,Y,Y,N,AUSTRALIA,1701x7081
287,AUSTRALIA_W,EO1H1090822015238110K0,L1GST,EO1,HYPERION,2015-08-26,2015 238 00:28:39,2015 238 00:32:59,941,3541,-51,58.054978,25.510495,25.138,-30.815744,121.690952,-30.831038,121.788815,-31.750746,121.485928,-31.765947,121.584405,WGS84,WGS84,30.0,UTM,SRTM-2,40,80,Y,Y,N,AUSTRALIA,941x3541
288,AUSTRALIA_W,EO1H1090822016048110K2,L1GST,EO1,HYPERION,2016-02-17,2016 048 23:55:02,2016 048 23:59:21,991,3481,-51,86.139864,29.487085,-3.8469,-30.845584,121.72471,-30.858752,121.800073,-31.765571,121.480934,-31.778904,121.557305,WGS84,WGS84,30.0,UTM,SRTM-2,40,80,Y,Y,N,AUSTRALIA,991x3481
289,AUSTRALIA_W,EO1H1090822016176110K2,L1GST,EO1,HYPERION,2016-06-24,2016 176 23:44:32,2016 176 23:48:51,951,3481,-51,55.417097,9.051632,3.0849,-30.798555,121.731606,-30.81145,121.807247,-31.718145,121.498174,-31.731196,121.57451,WGS84,WGS84,30.0,UTM,SRTM-2,40,80,Y,Y,N,AUSTRALIA,951x3481
290,AUSTRALIA_W,EO1H1090822016211110KF,L1GST,EO1,HYPERION,2016-07-29,2016 211 23:26:27,2016 211 23:30:45,1071,3301,-51,62.407807,7.516094,-21.126,-32.078501,121.683738,-32.096189,121.774956,-32.942514,121.424227,-32.960685,121.516574,WGS84,WGS84,30.0,UTM,SRTM-2,40,80,Y,Y,N,AUSTRALIA,1071x3301
291,AUSTRALIA_W,EO1H1090822016225110PF,L1GST,EO1,HYPERION,2016-08-12,2016 225 23:38:27,2016 225 23:42:46,911,3241,-51,63.420773,12.409326,3.4056,-32.153643,121.649579,-32.166896,121.727563,-33.009392,121.428178,-33.022801,121.506863,WGS84,WGS84,30.0,UTM,SRTM-2,40,80,Y,Y,N,AUSTRALIA,911x3241
292,AUSTRALIA_W,EO1H1090822016331110KF,L1GST,EO1,HYPERION,2016-11-26,2016 331 23:15:44,2016 331 23:20:03,1021,3241,-51,96.532891,31.050409,-15.453,-32.228516,121.641466,-32.244545,121.725844,-33.081197,121.393796,-33.097145,121.479249,WGS84,WGS84,30.0,UTM,SRTM-2,40,80,Y,Y,N,AUSTRALIA,1021x3241
293,AUSTRALIA_W,EO1H1090822017055110KF,L1GST,EO1,HYPERION,2017-02-24,2017 055 23:04:02,2017 055 23:08:20,1041,3351,-51,89.804651,17.356868,-16.338,-32.161835,121.656451,-32.177852,121.740773,-33.043663,121.399619,-33.05961,121.48536,WGS84,WGS84,30.0,UTM,SRTM-2,40,80,Y,Y,N,AUSTRALIA,1041x3351
294,AUSTRALIA_W,EO1H1110762015311110KY,L1GST,EO1,HYPERION,2015-11-07,2015 311 00:11:43,2015 311 00:16:03,1161,3471,-50,91.791589,40.071918,-18.74,-22.862903,119.76518,-22.878014,119.844611,-23.781559,119.533788,-23.796738,119.613767,WGS84,WGS84,30.0,UTM,SRTM-2,40,80,Y,Y,N,AUSTRALIA,1161x3471
295,AUSTRALIA_W,EO1H1110822015349110K3,L1GST,EO1,HYPERION,2015-12-15,2015 349 00:09:54,2015 349 00:14:14,1171,3551,-50,96.019174,38.269801,-18.714,-31.037238,117.602981,-31.053849,117.690104,-31.976385,117.329857,-31.993172,117.417813,WGS84,WGS84,30.0,UTM,SRTM-2,40,80,Y,Y,N,AUSTRALIA,1171x3551
296,AUSTRALIA_W,EO1H1110822016003110K3,L1GST,EO1,HYPERION,2016-01-03,2016 003 00:07:27,2016 003 00:11:46,1171,3511,-50,96.959292,35.655693,-19.624,-31.016099,117.608191,-31.032975,117.695926,-31.943887,117.337358,-31.960937,117.42592,WGS84,WGS84,30.0,UTM,SRTM-2,40,80,Y,Y,N,AUSTRALIA,1171x3511
297,AUSTRALIA_W,EO1H1110822016006110K2,L1GST,EO1,HYPERION,2016-01-06,2016 006 00:17:15,2016 006 00:21:35,1051,3561,-50,95.636221,37.317809,-1.132,-31.032668,117.596034,-31.045821,117.672754,-31.977145,117.348912,-31.990438,117.426059,WGS84,WGS84,30.0,UTM,SRTM-2,40,80,Y,Y,N,AUSTRALIA,1051x3561
298,AUSTRALIA_W,EO1H1110822016014110K2,L1GST,EO1,HYPERION,2016-01-14,2016 014 00:11:01,2016 014 00:15:20,1091,3461,-50,95.446958,34.832874,-11.444,-31.040772,117.599545,-31.05553,117.679427,-31.956585,117.345342,-31.971493,117.425971,WGS84,WGS84,30.0,UTM,SRTM-2,40,80,Y,Y,N,AUSTRALIA,1091x3461
299,AUSTRALIA_W,EO1H1110822016236110K3,L1GST,EO1,HYPERION,2016-08-23,2016 236 23:40:48,2016 236 23:45:08,1181,3521,-50,68.283662,12.853592,-21.276,-30.976781,117.622394,-30.994179,117.711983,-31.904878,117.350224,-31.922453,117.440973,WGS84,WGS84,30.0,UTM,SRTM-2,40,80,Y,Y,N,AUSTRALIA,1181x3521
300,AUSTRALIA_W,EO1H1110822016296110K3,L1GST,EO1,HYPERION,2016-10-22,2016 296 23:35:32,2016 296 23:39:51,1141,3451,-50,86.484167,27.906371,-18.468,-31.031802,117.607662,-31.048148,117.693207,-31.944681,117.343709,-31.961194,117.430048,WGS84,WGS84,30.0,UTM,SRTM-2,40,80,Y,Y,N,AUSTRALIA,1141x3451
301,AUSTRALIA_W,EO1H1110822017001110K2,L1GST,EO1,HYPERION,2017-01-01,2017 001 23:30:49,2017 001 23:35:08,1101,3521,-50,101.01891,27.982938,-11.412,-31.035085,117.600137,-31.049576,117.679385,-31.966607,117.342839,-31.981247,117.422842,WGS84,WGS84,30.0,UTM,SRTM-2,40,80,Y,Y,N,AUSTRALIA,1101x3521
302,AUSTRALIA_W,EO1H1110822017009110K3,L1GST,EO1,HYPERION,2017-01-09,2017 009 23:23:18,2017 009 23:27:38,1161,3411,-50,101.251648,25.280089,-22.787,-31.047811,117.599279,-31.065487,117.690188,-31.945249,117.334189,-31.962832,117.425925,WGS84,WGS84,30.0,UTM,SRTM-2,40,80,Y,Y,N,AUSTRALIA,1161x3411
303,AUSTRALIA_W,EO1H1110822017020110K3,L1GST,EO1,HYPERION,2017-01-20,2017 020 23:25:06,2017 020 23:29:26,1131,3471,-50,99.463984,23.958748,-17.449,-31.024502,117.60573,-31.04005,117.689062,-31.940623,117.343377,-31.956329,117.428122,WGS84,WGS84,30.0,UTM,SRTM-2,40,80,Y,Y,N,AUSTRALIA,1131x3471
304,AUSTRALIA_W,EO1H1110822017050110K3,L1GST,EO1,HYPERION,2017-02-19,2017 050 23:20:52,2017 050 23:25:12,1151,3521,-50,91.822459,18.270108,-18.073,-30.984388,117.616787,-31.000458,117.702289,-31.914353,117.349309,-31.930591,117.435619,WGS84,WGS84,30.0,UTM,SRTM-2,40,80,Y,Y,N,AUSTRALIA,1151x3521
305,AUSTRALIA_W,EO1H1120762014277110KF,L1GST,EO1,HYPERION,2014-10-04,2014 277 01:05:13,2014 277 01:09:32,951,3231,-50,71.676829,45.193184,7.6546,-22.579995,118.306811,-22.592931,118.379518,-23.436634,118.112981,-23.449638,118.186139,WGS84,WGS84,30.0,UTM,SRTM-2,40,80,Y,Y,N,AUSTRALIA,951x3231
306,AUSTRALIA_W,EO1H1120762014285110KF,L1GST,EO1,HYPERION,2014-10-12,2014 285 01:03:32,2014 285 01:07:51,961,3231,-50,75.438983,46.716525,5.4289,-22.615798,118.302478,-22.628471,118.374326,-23.472714,118.106819,-23.485186,118.179112,WGS84,WGS84,30.0,UTM,SRTM-2,40,80,Y,Y,N,AUSTRALIA,961x3231
307,AUSTRALIA_W,EO1H1120762014293110KF,L1GST,EO1,HYPERION,2014-10-20,2014 293 01:01:45,2014 293 01:06:03,971,3301,-50,79.388201,47.928001,2.9625,-22.60737,118.305899,-22.62005,118.37687,-23.482489,118.103967,-23.495239,118.175387,WGS84,WGS84,30.0,UTM,SRTM-2,40,80,Y,Y,N,AUSTRALIA,971x3301
308,AUSTRALIA_W,EO1H1120762014304110KF,L1GST,EO1,HYPERION,2014-10-31,2014 304 01:11:09,2014 304 01:15:30,971,3251,-50,83.402331,51.757293,23.157,-22.580127,118.290488,-22.594584,118.376328,-23.440446,118.110367,-23.454976,118.196744,WGS84,WGS84,30.0,UTM,SRTM-2,40,80,Y,Y,N,AUSTRALIA,971x3251
309,AUSTRALIA_W,EO1H1120762014306110KF,L1GST,EO1,HYPERION,2014-11-02,2014 306 00:46:22,2014 306 00:50:41,1131,3261,-50,87.295699,46.289285,-25.245,-22.539199,118.3251,-22.557139,118.413297,-23.395532,118.10148,-23.413301,118.190214,WGS84,WGS84,30.0,UTM,SRTM-2,40,80,Y,Y,N,AUSTRALIA,1131x3261
310,AUSTRALIA_W,EO1H1120762014312110KF,L1GST,EO1,HYPERION,2014-11-08,2014 312 01:09:04,2014 312 01:13:23,981,3311,-50,87.432422,52.017548,20.541,-22.597185,118.2921,-22.611134,118.373865,-23.474346,118.10595,-23.488094,118.188527,WGS84,WGS84,30.0,UTM,SRTM-2,40,80,Y,Y,N,AUSTRALIA,981x3311
311,AUSTRALIA_W,EO1H1120762014322110KF,L1GST,EO1,HYPERION,2014-11-18,2014 322 00:41:56,2014 322 00:46:15,1191,3271,-50,94.043501,46.159274,-30.382,-22.600826,118.310812,-22.621389,118.409576,-23.456378,118.079958,-23.476781,118.179911,WGS84,WGS84,30.0,UTM,SRTM-2,40,80,Y,Y,N,AUSTRALIA,1191x3271
312,AUSTRALIA_W,EO1H1120762014355110KF,L1GST,EO1,HYPERION,2014-12-21,2014 355 01:07:30,2014 355 01:11:50,1051,3491,-50,98.432503,50.627283,28.453,-23.313951,118.940463,-23.329777,119.037693,-24.23663,118.755006,-24.252265,118.852326,WGS84,WGS84,30.0,UTM,SRTM-2,40,80,Y,Y,N,AUSTRALIA,1051x3491
313,AUSTRALIA_W,EO1H1120762014365110KF,L1GST,EO1,HYPERION,2014-12-31,2014 365 00:39:10,2014 365 00:43:29,1191,3301,-50,100.910185,42.342813,-29.03,-22.55953,118.324132,-22.57956,118.421113,-23.426754,118.092636,-23.4469,118.189925,WGS84,WGS84,30.0,UTM,SRTM-2,40,80,Y,Y,N,AUSTRALIA,1191x3301
314,AUSTRALIA_W,EO1H1120762015003110PF,L1GST,EO1,HYPERION,2015-01-03,2015 003 00:50:19,2015 003 00:54:38,991,3231,-50,98.94515,45.214354,-2.1354,-23.482398,118.943777,-23.495033,119.014965,-24.339738,118.739577,-24.352431,118.811821,WGS84,WGS84,30.0,UTM,SRTM-2,40,80,Y,Y,N,AUSTRALIA,991x3231
315,AUSTRALIA_W,EO1H1120762015049110KF,L1GST,EO1,HYPERION,2015-02-18,2015 049 00:54:29,2015 049 00:58:48,981,3371,-50,86.078916,40.246717,7.9774,-22.513716,118.3266,-22.526385,118.398107,-23.406746,118.124475,-23.41948,118.19703,WGS84,WGS84,30.0,UTM,SRTM-2,40,80,Y,Y,N,AUSTRALIA,981x3371
316,AUSTRALIA_W,EO1H1120762015076110KF,L1GST,EO1,HYPERION,2015-03-17,2015 076 00:53:22,2015 076 00:57:41,991,3371,-50,73.578646,37.04613,10.457,-22.426615,118.34122,-22.439268,118.413848,-23.321542,118.141651,-23.333994,118.214745,WGS84,WGS84,30.0,UTM,SRTM-2,40,80,Y,Y,N,AUSTRALIA,991x3371
317,AUSTRALIA_W,EO1H1120762015130110KF,L1GST,EO1,HYPERION,2015-05-10,2015 130 00:47:49,2015 130 00:52:08,961,3251,-50,53.675432,27.83265,8.5646,-22.426568,118.34676,-22.439217,118.419677,-23.287045,118.153385,-23.299761,118.226754,WGS84,WGS84,30.0,UTM,SRTM-2,40,80,Y,Y,N,AUSTRALIA,961x3251
318,AUSTRALIA_W,EO1H1120762015181110KF,L1GST,EO1,HYPERION,2015-06-30,2015 181 00:28:20,2015 181 00:32:39,1081,3311,-50,52.353685,19.240244,-16.201,-23.353561,118.913437,-23.368307,118.990453,-24.229484,118.692289,-24.244308,118.769814,WGS84,WGS84,30.0,UTM,SRTM-2,40,80,Y,Y,N,AUSTRALIA,1081x3311
319,AUSTRALIA_W,EO1H1120762015200110KF,L1GST,EO1,HYPERION,2015-07-19,2015 200 00:28:02,2015 200 00:32:21,1051,3251,-50,54.727425,20.048928,-13.496,-23.354948,118.910818,-23.368913,118.985476,-24.214545,118.695933,-24.228576,118.771666,WGS84,WGS84,30.0,UTM,SRTM-2,40,80,Y,Y,N,AUSTRALIA,1051x3251
320,AUSTRALIA_W,EO1H1120762015225110KF,L1GST,EO1,HYPERION,2015-08-13,2015 225 00:47:34,2015 225 00:51:53,971,3261,-50,57.501864,27.697593,24.241,-22.545966,118.292799,-22.560671,118.381243,-23.40654,118.115663,-23.421314,118.205246,WGS84,WGS84,30.0,UTM,SRTM-2,40,80,Y,Y,N,AUSTRALIA,971x3261
321,AUSTRALIA_W,EO1H1120762015271110KF,L1GST,EO1,HYPERION,2015-09-28,2015 271 00:40:18,2015 271 00:44:37,971,3301,-50,73.109032,38.108116,19.107,-22.578998,118.296015,-22.592685,118.3766,-23.453726,118.109891,-23.467213,118.190986,WGS84,WGS84,30.0,UTM,SRTM-2,40,80,Y,Y,N,AUSTRALIA,971x3301
322,AUSTRALIA_W,EO1H1120762015279110KF,L1GST,EO1,HYPERION,2015-10-06,2015 279 00:34:41,2015 279 00:39:00,971,3311,-50,77.057188,38.831551,9.679,-22.60009,118.301457,-22.612759,118.373882,-23.478416,118.105106,-23.490882,118.178283,WGS84,WGS84,30.0,UTM,SRTM-2,40,80,Y,Y,N,AUSTRALIA,971x3311
323,AUSTRALIA_W,EO1H1120762015287110PF,L1GST,EO1,HYPERION,2015-10-14,2015 287 00:29:01,2015 287 00:33:20,961,3251,-50,81.084797,39.309562,-0.5571,-22.586718,118.312999,-22.599406,118.382792,-23.448832,118.112204,-23.461317,118.18243,WGS84,WGS84,30.0,UTM,SRTM-2,40,80,Y,Y,N,AUSTRALIA,961x3251
324,AUSTRALIA_W,EO1H1120762015309110KF,L1GST,EO1,HYPERION,2015-11-05,2015 309 00:37:28,2015 309 00:41:46,981,3331,-50,89.334094,44.495305,20.86,-22.5953,118.290625,-22.608978,118.372386,-23.475978,118.105083,-23.489998,118.187664,WGS84,WGS84,30.0,UTM,SRTM-2,40,80,Y,Y,N,AUSTRALIA,981x3331
325,AUSTRALIA_W,EO1H1120762015347110KF,L1GST,EO1,HYPERION,2015-12-13,2015 347 00:33:28,2015 347 00:37:46,981,3311,-50,100.65907,43.062483,20.162,-22.622138,118.289123,-22.63608,118.371778,-23.498478,118.103507,-23.512494,118.186689,WGS84,WGS84,30.0,UTM,SRTM-2,40,80,Y,Y,N,AUSTRALIA,981x3311
326,AUSTRALIA_W,EO1H1120822015352110K7,L1GST,EO1,HYPERION,2015-12-18,2015 352 00:19:45,2015 352 00:24:05,1081,3681,-50,95.245416,40.062671,-0.4102,-31.015815,117.550984,-31.028995,117.627686,-31.992706,117.296251,-32.00603,117.373723,WGS84,WGS84,30.0,UTM,SRTM-2,40,80,Y,Y,N,AUSTRALIA,1081x3681
327,AUSTRALIA_W,EO1H1120822016261110K7,L1GST,EO1,HYPERION,2016-09-17,2016 261 23:54:58,2016 261 23:59:19,1061,3751,-50,72.73402,22.72022,10.096,-30.993894,117.54992,-31.006528,117.627856,-31.990786,117.306724,-32.003828,117.386097,WGS84,WGS84,30.0,UTM,SRTM-2,40,80,Y,Y,N,AUSTRALIA,1061x3751
328,AUSTRALIA_W,EO1H1120822016299110K7,L1GST,EO1,HYPERION,2016-10-25,2016 299 23:44:56,2016 299 23:49:17,1091,3751,-50,86.169281,30.446423,-0.6358,-31.045065,117.547065,-31.057981,117.623162,-32.038464,117.288456,-32.051524,117.365331,WGS84,WGS84,30.0,UTM,SRTM-2,40,80,Y,Y,N,AUSTRALIA,1091x3751
329,AUSTRALIA_W,EO1H1120822016310110K7,L1GST,EO1,HYPERION,2016-11-05,2016 310 23:47:02,2016 310 23:51:23,1051,3681,-50,89.47993,32.659525,5.9797,-31.03994,117.542953,-31.052583,117.619982,-32.019225,117.297926,-32.032276,117.376053,WGS84,WGS84,30.0,UTM,SRTM-2,40,80,Y,Y,N,AUSTRALIA,1051x3681
330,AUSTRALIA_W,EO1H1120822016329110K7,L1GST,EO1,HYPERION,2016-11-24,2016 329 23:41:45,2016 329 23:46:05,1071,3681,-50,95.627351,32.929957,0.2501,-31.023661,117.551972,-31.036572,117.628364,-32.000819,117.299136,-32.013871,117.376614,WGS84,WGS84,30.0,UTM,SRTM-2,40,80,Y,Y,N,AUSTRALIA,1071x3681
331,AUSTRALIA_W,EO1H1120822016359110K7,L1GST,EO1,HYPERION,2016-12-24,2016 359 23:38:16,2016 359 23:42:37,1081,3741,-50,100.268118,30.51524,0.6505,-31.049674,117.545519,-31.062591,117.621304,-32.043605,117.28879,-32.056394,117.365667,WGS84,WGS84,30.0,UTM,SRTM-2,40,80,Y,Y,N,AUSTRALIA,1081x3741
332,AUSTRALIA_W,EO1H1120822017023110K7,L1GST,EO1,HYPERION,2017-01-23,2017 023 23:34:26,2017 023 23:38:46,1081,3761,-50,97.809606,25.402112,0.5161,-30.968665,117.562334,-30.981306,117.637427,-31.965619,117.305371,-31.978672,117.381235,WGS84,WGS84,30.0,UTM,SRTM-2,40,80,Y,Y,N,AUSTRALIA,1081x3761
333,AUSTRALIA_W,EO1H1120822017064110K7,L1GST,EO1,HYPERION,2017-03-05,2017 064 23:31:43,2017 064 23:36:04,1061,3731,-50,85.331547,18.389628,5.2739,-30.920454,117.568963,-30.933351,117.646216,-31.913616,117.320114,-31.926383,117.398471,WGS84,WGS84,30.0,UTM,SRTM-2,40,80,Y,Y,N,AUSTRALIA,1061x3731
334,AUSTRALIA_W,EO1H1130802016028110K2,L1GST,EO1,HYPERION,2016-01-28,2016 028 00:23:35,2016 028 00:27:54,981,3471,-50,94.162486,33.23591,-6.7091,-28.065221,115.299024,-28.078846,115.373524,-28.981714,115.063112,-28.995228,115.138527,WGS84,WGS84,30.0,UTM,SRTM-2,40,80,Y,Y,N,AUSTRALIA,981x3471
335,AUSTRALIA_W,EO1H1130802016058110K1,L1GST,EO1,HYPERION,2016-02-27,2016 058 00:23:45,2016 058 00:28:04,961,3531,-50,83.845036,29.056499,-0.0613,-28.041156,115.301539,-28.053945,115.374204,-28.976119,115.069373,-28.989067,115.143255,WGS84,WGS84,30.0,UTM,SRTM-2,40,80,Y,Y,N,AUSTRALIA,961x3531
336,BRAZIL,EO1H2190692017053110KF,L1GST,EO1,HYPERION,2017-02-22,2017 053 10:18:02,2017 053 10:22:20,1031,3361,-23,96.092991,19.824499,-17.765,-12.628352,-43.419497,-12.642545,-43.345747,-13.520385,-43.618701,-13.534602,-43.544131,WGS84,WGS84,30.0,UTM,SRTM-2,40,80,Y,Y,N,BRAZIL,1031x3361
337,BRAZIL,EO1H2190702016030110KF,L1GST,EO1,HYPERION,2016-01-30,2016 030 11:22:17,2016 030 11:26:35,961,3311,-23,101.338307,36.199463,21.055,-14.325234,-43.92562,-14.339507,-43.84719,-15.202545,-44.104877,-15.216587,-44.026137,WGS84,WGS84,30.0,UTM,SRTM-2,40,80,Y,Y,N,BRAZIL,961x3311
338,BRAZIL,EO1H2190702016125110K2,L1GST,EO1,HYPERION,2016-05-04,2016 125 11:04:46,2016 125 11:09:07,1051,3801,-23,63.170916,26.272436,5.9718,-14.209251,-43.886988,-14.221667,-43.818877,-15.221247,-44.102284,-15.233436,-44.033863,WGS84,WGS84,30.0,UTM,SRTM-2,40,80,Y,Y,N,BRAZIL,1051x3801
339,BRAZIL,EO1H2190702016185110K1,L1GST,EO1,HYPERION,2016-07-03,2016 185 11:01:40,2016 185 11:06:00,1001,3531,-23,57.835783,20.995077,13.887,-14.249983,-43.897902,-14.262929,-43.826724,-15.18975,-44.092923,-15.202465,-44.021444,WGS84,WGS84,30.0,UTM,SRTM-2,40,80,Y,Y,N,BRAZIL,1001x3531
340,BRAZIL,EO1H2190702016193110K2,L1GST,EO1,HYPERION,2016-07-11,2016 193 10:54:42,2016 193 10:59:03,1051,3751,-23,59.587713,19.670233,0.6137,-14.264075,-43.895617,-14.27623,-43.829158,-15.264132,-44.111041,-15.276328,-44.044002,WGS84,WGS84,30.0,UTM,SRTM-2,40,80,Y,Y,N,BRAZIL,1051x3751
341,BRAZIL,EO1H2190702016196110K1,L1GST,EO1,HYPERION,2016-07-14,2016 196 11:04:13,2016 196 11:08:33,1011,3551,-23,58.999822,21.784648,21.314,-14.25764,-43.911761,-14.271635,-43.832518,-15.197923,-44.101824,-15.211962,-44.022524,WGS84,WGS84,30.0,UTM,SRTM-2,40,80,Y,Y,N,BRAZIL,1011x3551
342,BRAZIL,EO1H2190702016242110K2,L1GST,EO1,HYPERION,2016-08-29,2016 242 10:48:04,2016 242 10:52:25,1041,3701,-23,72.526591,24.390089,-1.646,-14.296651,-43.902412,-14.309076,-43.835387,-15.280967,-44.115999,-15.293432,-44.048396,WGS84,WGS84,30.0,UTM,SRTM-2,40,80,Y,Y,N,BRAZIL,1041x3701
343,BRAZIL,EO1H2190702016253110K2,L1GST,EO1,HYPERION,2016-09-09,2016 253 10:50:26,2016 253 10:54:46,1041,3761,-23,76.169286,27.177075,6.4316,-14.310782,-43.908462,-14.323204,-43.840599,-15.312988,-44.121175,-15.325183,-44.053283,WGS84,WGS84,30.0,UTM,SRTM-2,40,80,Y,Y,N,BRAZIL,1041x3761
344,BRAZIL,EO1H2190702017018110K1,L1GST,EO1,HYPERION,2017-01-18,2017 018 10:39:38,2017 018 10:43:58,991,3481,-23,105.669129,27.115695,17.305,-14.353459,-43.929665,-14.3664,-43.855954,-15.279355,-44.119919,-15.292335,-44.045619,WGS84,WGS84,30.0,UTM,SRTM-2,40,80,Y,Y,N,BRAZIL,991x3481
345,BRAZIL,EO1H2190702017029110K1,L1GST,EO1,HYPERION,2017-01-29,2017 029 10:41:27,2017 029 10:45:47,1011,3501,-23,102.809478,26.564403,23.5,-14.257389,-43.91621,-14.271648,-43.835299,-15.184638,-44.10272,-15.19921,-44.02119,WGS84,WGS84,30.0,UTM,SRTM-2,40,80,Y,Y,N,BRAZIL,1011x3501
346,BRAZIL,EO1H2210662016060110PF,L1GST,EO1,HYPERION,2016-02-29,2016 060 11:20:54,2016 060 11:25:12,921,3261,-23,93.820445,31.457061,-7.6401,-8.083277,-46.784278,-8.095762,-46.718266,-8.946233,-46.96729,-8.95878,-46.901148,WGS84,WGS84,30.0,UTM,SRTM-2,40,80,Y,Y,N,BRAZIL,921x3261
347,BRAZIL,EO1H2210702016049110KF,L1GST,EO1,HYPERION,2016-02-18,2016 049 11:19:12,2016 049 11:23:31,971,3381,-23,95.410452,30.797999,-14.215,-13.593546,-47.633133,-13.607295,-47.561872,-14.486902,-47.832566,-14.500488,-47.760779,WGS84,WGS84,30.0,UTM,SRTM-2,40,80,Y,Y,N,BRAZIL,971x3381
348,BRAZIL,EO1H2210702016150110KF,L1GST,EO1,HYPERION,2016-05-29,2016 150 11:19:52,2016 150 11:24:11,901,3271,-23,58.051549,24.013536,11.61,-13.543152,-47.631742,-13.555791,-47.562702,-14.409384,-47.811847,-14.42185,-47.742296,WGS84,WGS84,30.0,UTM,SRTM-2,40,80,Y,Y,N,BRAZIL,901x3271
349,BRAZIL,EO1H2210712015289110KF,L1GST,EO1,HYPERION,2015-10-16,2015 289 11:30:01,2015 289 11:34:20,971,3331,-23,88.332319,39.596494,-16.81,-15.488194,-47.778355,-15.502653,-47.704574,-16.365732,-47.979957,-16.380046,-47.905327,WGS84,WGS84,30.0,UTM,SRTM-2,40,80,Y,Y,N,BRAZIL,971x3331
350,BRAZIL,EO1H2210772015292110PR,L1GST,EO1,HYPERION,2015-10-19,2015 292 11:42:21,2015 292 11:46:41,1011,3531,-22,82.347844,40.005493,0.7666,-23.890837,-50.210774,-23.903191,-50.140333,-24.826853,-50.430936,-24.839567,-50.359989,WGS84,WGS84,30.0,UTM,SRTM-2,40,80,Y,Y,N,BRAZIL,1011x3531
351,BRAZIL,EO1H2230682016188110KF,L1GST,EO1,HYPERION,2016-07-06,2016 188 11:10:46,2016 188 11:15:06,1061,3321,-22,60.93849,18.788842,-26.813,-11.247559,-50.651458,-11.264533,-50.565763,-12.125409,-50.850336,-12.142707,-50.763829,WGS84,WGS84,30.0,UTM,SRTM-2,40,80,Y,Y,N,BRAZIL,1061x3321
352,BRAZIL,EO1H2240692015268110PF,L1GST,EO1,HYPERION,2015-09-25,2015 268 11:56:23,2015 268 12:00:43,981,3541,-22,80.623623,38.364034,-7.4619,-12.417759,-52.301574,-12.430548,-52.234094,-13.355865,-52.506475,-13.368733,-52.438211,WGS84,WGS84,30.0,UTM,SRTM-2,40,80,Y,Y,N,BRAZIL,981x3541
353,BRAZIL,EO1H2240692015295110KP,L1GST,EO1,HYPERION,2015-10-22,2015 295 11:49:27,2015 295 11:53:46,1021,3541,-22,93.562067,40.540343,-16.802,-12.386616,-52.291483,-12.400781,-52.218776,-13.325795,-52.501027,-13.339774,-52.427794,WGS84,WGS84,30.0,UTM,SRTM-2,40,80,Y,Y,N,BRAZIL,1021x3541
354,BRAZIL,EO1H2240692015317110KF,L1GST,EO1,HYPERION,2015-11-13,2015 317 11:57:43,2015 317 12:02:03,961,3541,-22,102.528946,43.140754,6.1782,-12.443214,-52.309979,-12.45546,-52.243319,-13.384057,-52.508314,-13.396107,-52.441145,WGS84,WGS84,30.0,UTM,SRTM-2,40,80,Y,Y,N,BRAZIL,961x3541
355,BRAZIL,EO1H2240692015325110PF,L1GST,EO1,HYPERION,2015-11-21,2015 325 11:51:48,2015 325 11:56:08,961,3471,-22,105.197897,41.394579,-5.3432,-12.481162,-52.314863,-12.493681,-52.248195,-13.403,-52.515079,-13.415323,-52.447907,WGS84,WGS84,30.0,UTM,SRTM-2,40,80,Y,Y,N,BRAZIL,961x3471
356,BRAZIL,EO1H2240692015336110KF,L1GST,EO1,HYPERION,2015-12-02,2015 336 11:55:42,2015 336 12:00:02,961,3531,-22,107.936673,41.455925,5.8788,-12.4508,-52.311671,-12.463048,-52.244734,-13.390555,-52.510014,-13.402878,-52.442569,WGS84,WGS84,30.0,UTM,SRTM-2,40,80,Y,Y,N,BRAZIL,961x3531
357,BRAZIL,EO1H2240692016156110KF,L1GST,EO1,HYPERION,2016-06-04,2016 156 11:38:54,2016 156 11:43:14,941,3491,-22,57.788985,24.149632,12.507,-12.326695,-52.287049,-12.339486,-52.217665,-13.253785,-52.479266,-13.266381,-52.40937,WGS84,WGS84,30.0,UTM,SRTM-2,40,80,Y,Y,N,BRAZIL,941x3491
358,BRAZIL,EO1H2240692016221110KP,L1GST,EO1,HYPERION,2016-08-08,2016 221 11:18:40,2016 221 11:23:00,1001,3471,-22,67.116148,20.852902,-15.605,-12.376043,-52.290327,-12.389938,-52.217347,-13.296543,-52.494756,-13.310792,-52.421257,WGS84,WGS84,30.0,UTM,SRTM-2,40,80,Y,Y,N,BRAZIL,1001x3471
359,BRAZIL,EO1H2240692016224110KF,L1GST,EO1,HYPERION,2016-08-11,2016 224 11:28:10,2016 224 11:32:30,941,3471,-22,67.070354,23.417017,5.7839,-12.372231,-52.293619,-12.384474,-52.226151,-13.294414,-52.487819,-13.307003,-52.419848,WGS84,WGS84,30.0,UTM,SRTM-2,40,80,Y,Y,N,BRAZIL,941x3471
360,BRAZIL,EO1H2240692016235110KF,L1GST,EO1,HYPERION,2016-08-22,2016 235 11:30:38,2016 235 11:34:57,971,3601,-22,70.198945,25.759171,13.763,-12.400118,-52.303964,-12.413196,-52.232631,-13.355623,-52.501488,-13.368782,-52.429629,WGS84,WGS84,30.0,UTM,SRTM-2,40,80,Y,Y,N,BRAZIL,971x3601
361,BRAZIL,EO1H2240692016251110KP,L1GST,EO1,HYPERION,2016-09-07,2016 251 11:16:27,2016 251 11:20:46,1011,3541,-22,77.032435,25.445984,-13.211,-12.402872,-52.295151,-12.416214,-52.224918,-13.342872,-52.502242,-13.356026,-52.431214,WGS84,WGS84,30.0,UTM,SRTM-2,40,80,Y,Y,N,BRAZIL,1011x3541
362,BRAZIL,EO1H2240692016273110KF,L1GST,EO1,HYPERION,2016-09-29,2016 273 11:21:01,2016 273 11:25:21,951,3481,-22,85.388102,30.679449,2.6072,-12.412345,-52.299337,-12.424583,-52.233512,-13.335864,-52.494997,-13.348173,-52.429226,WGS84,WGS84,30.0,UTM,SRTM-2,40,80,Y,Y,N,BRAZIL,951x3481
363,BRAZIL,EO1H2240692016300110KP,L1GST,EO1,HYPERION,2016-10-26,2016 300 11:08:44,2016 300 11:13:03,1011,3481,-22,97.100539,31.022521,-17.278,-12.476029,-52.310693,-12.490204,-52.237412,-13.399194,-52.516718,-13.413453,-52.442914,WGS84,WGS84,30.0,UTM,SRTM-2,40,80,Y,Y,N,BRAZIL,1011x3481
364,BRAZIL,EO1H2240712015279110KF,L1GST,EO1,HYPERION,2015-10-06,2015 279 12:01:35,2015 279 12:05:54,921,3321,-22,82.678828,41.365398,11.235,-15.382361,-52.182405,-15.39492,-52.112671,-16.26145,-52.369225,-16.274089,-52.299209,WGS84,WGS84,30.0,UTM,SRTM-2,40,80,Y,Y,N,BRAZIL,921x3321
365,BRAZIL,EO1H2260682016042110KF,L1GST,EO1,HYPERION,2016-02-11,2016 042 12:00:57,2016 042 12:05:16,951,3321,-21,99.46915,33.411377,5.7592,-10.914772,-55.256369,-10.926861,-55.190506,-11.797241,-55.441291,-11.809071,-55.374947,WGS84,WGS84,30.0,UTM,SRTM-2,40,80,Y,Y,N,BRAZIL,951x3321
366,BRAZIL,EO1H2260682016080110K2,L1GST,EO1,HYPERION,2016-03-20,2016 080 11:54:12,2016 080 11:58:32,991,3471,-21,82.863181,31.224737,-0.3108,-10.826235,-55.234665,-10.838322,-55.168819,-11.74809,-55.430008,-11.75992,-55.363949,WGS84,WGS84,30.0,UTM,SRTM-2,40,80,Y,Y,N,BRAZIL,991x3471
367,BRAZIL,EO1H2260682016148110K2,L1GST,EO1,HYPERION,2016-05-27,2016 148 11:45:33,2016 148 11:49:53,991,3471,-21,59.905151,24.593884,-2.9508,-10.838173,-55.23542,-10.850262,-55.169846,-11.761118,-55.431862,-11.773221,-55.366073,WGS84,WGS84,30.0,UTM,SRTM-2,40,80,Y,Y,N,BRAZIL,991x3471
368,BRAZIL,EO1H2260682016197110K2,L1GST,EO1,HYPERION,2016-07-15,2016 197 11:39:27,2016 197 11:43:47,1001,3471,-21,61.408431,21.404138,-4.1819,-10.821881,-55.231948,-10.834237,-55.165827,-11.745373,-55.429199,-11.757471,-55.362588,WGS84,WGS84,30.0,UTM,SRTM-2,40,80,Y,Y,N,BRAZIL,1001x3471
369,BRAZIL,EO1H2260682016216110K2,L1GST,EO1,HYPERION,2016-08-03,2016 216 11:34:57,2016 216 11:39:17,1021,3511,-21,65.926966,21.862332,-9.2854,-10.835726,-55.234335,-10.848342,-55.166289,-11.769822,-55.43649,-11.782722,-55.367667,WGS84,WGS84,30.0,UTM,SRTM-2,40,80,Y,Y,N,BRAZIL,1021x3511
370,BRAZIL,EO1H2260682016227110K2,L1GST,EO1,HYPERION,2016-08-14,2016 227 11:37:27,2016 227 11:41:46,991,3471,-21,68.788586,23.82846,-1.0237,-10.907147,-55.250928,-10.919501,-55.18424,-11.829274,-55.446616,-11.841644,-55.379984,WGS84,WGS84,30.0,UTM,SRTM-2,40,80,Y,Y,N,BRAZIL,991x3471
371,BRAZIL,EO1H2270622016189110K4,L1GST,EO1,HYPERION,2016-07-07,2016 189 11:44:11,2016 189 11:48:30,971,3481,-21,63.036738,26.600518,-3.2068,-2.286694,-54.873507,-2.298798,-54.808846,-3.213589,-55.064881,-3.225395,-55.000157,WGS84,WGS84,30.0,UTM,SRTM-2,40,80,Y,Y,N,BRAZIL,971x3481
372,BRAZIL,EO1H2270622016211110K0,L1GST,EO1,HYPERION,2016-07-29,2016 211 11:49:11,2016 211 11:53:33,1081,3931,-21,67.079693,28.405187,13.804,-2.243563,-54.86926,-2.256746,-54.800013,-3.290391,-55.083629,-3.303542,-55.014036,WGS84,WGS84,30.0,UTM,SRTM-2,40,80,Y,Y,N,BRAZIL,1081x3931
373,BRAZIL,EO1H2270622016230110K0,L1GST,EO1,HYPERION,2016-08-17,2016 230 11:44:38,2016 230 11:49:00,1061,3911,-21,73.193436,29.068186,8.5597,-2.279373,-54.874601,-2.292016,-54.807779,-3.322138,-55.088964,-3.335022,-55.022067,WGS84,WGS84,30.0,UTM,SRTM-2,40,80,Y,Y,N,BRAZIL,1061x3911
374,BRAZIL,EO1H2310622016040110PF,L1GST,EO1,HYPERION,2016-02-09,2016 040 12:24:46,2016 040 12:29:04,951,3371,-20,105.8656,32.600546,4.7116,-2.093046,-60.047182,-2.105115,-59.982299,-2.988822,-60.231802,-3.001122,-60.167123,WGS84,WGS84,30.0,UTM,SRTM-2,40,80,Y,Y,N,BRAZIL,951x3371
375,BRAZIL,EO1H2310672015288110K1,L1GST,EO1,HYPERION,2015-10-15,2015 288 12:30:37,2015 288 12:34:59,1151,4041,-20,92.520866,40.464452,-15.656,-9.582365,-61.860554,-9.595957,-61.7895,-10.659591,-62.094328,-10.673209,-62.023036,WGS84,WGS84,30.0,UTM,SRTM-2,40,80,Y,Y,N,BRAZIL,1151x4041
376,BRAZIL,EO1H2310672015337110P0,L1GST,EO1,HYPERION,2015-12-03,2015 337 12:31:07,2015 337 12:35:29,1081,3911,-20,110.355591,39.776897,-3.8436,-9.590237,-61.861896,-9.60249,-61.795765,-10.632974,-62.083984,-10.644977,-62.017366,WGS84,WGS84,30.0,UTM,SRTM-2,40,80,Y,Y,N,BRAZIL,1081x3911
377,BRAZIL,EO1H2310672016176110P0,L1GST,EO1,HYPERION,2016-06-24,2016 176 12:09:53,2016 176 12:14:14,1081,3931,-20,59.176883,22.89669,-2.234,-9.41594,-61.823404,-9.428193,-61.758399,-10.464384,-62.04474,-10.476658,-61.979526,WGS84,WGS84,30.0,UTM,SRTM-2,40,80,Y,Y,N,BRAZIL,1081x3931
378,BRAZIL,EO1H2310672016184110K1,L1GST,EO1,HYPERION,2016-07-02,2016 184 12:02:55,2016 184 12:07:16,1121,3921,-20,60.389912,21.219563,-15.579,-9.46615,-61.829788,-9.479738,-61.75876,-10.509724,-62.056114,-10.523336,-61.984585,WGS84,WGS84,30.0,UTM,SRTM-2,40,80,Y,Y,N,BRAZIL,1121x3921
379,BRAZIL,EO1H2310672016214110K1,L1GST,EO1,HYPERION,2016-08-01,2016 214 12:00:58,2016 214 12:05:19,1101,3911,-20,65.946755,22.112641,-12.314,-9.463447,-61.832804,-9.476769,-61.76287,-10.504301,-62.056952,-10.517647,-61.987069,WGS84,WGS84,30.0,UTM,SRTM-2,40,80,Y,Y,N,BRAZIL,1101x3911
380,BRAZIL,EO1H2320662015291110K3,L1GST,EO1,HYPERION,2015-10-18,2015 291 12:40:23,2015 291 12:44:43,1001,3531,-20,95.074852,41.086576,-12.783,-8.29902,-63.848038,-8.311909,-63.779485,-9.236473,-64.049319,-9.249687,-63.980336,WGS84,WGS84,30.0,UTM,SRTM-2,40,80,Y,Y,N,BRAZIL,1001x3531
381,BRAZIL,EO1H2320662016149110K2,L1GST,EO1,HYPERION,2016-05-28,2016 149 12:20:51,2016 149 12:25:11,971,3481,-20,60.75633,26.043395,-3.9447,-8.134123,-63.811202,-8.146455,-63.74594,-9.061057,-64.006228,-9.073437,-63.94082,WGS84,WGS84,30.0,UTM,SRTM-2,40,80,Y,Y,N,BRAZIL,971x3481
382,BRAZIL,EO1H2320662016179110K2,L1GST,EO1,HYPERION,2016-06-27,2016 179 12:19:10,2016 179 12:23:30,961,3491,-20,59.710966,23.7842,-0.0238,-8.152023,-63.815051,-8.164084,-63.750331,-9.077872,-64.008731,-9.089981,-63.943593,WGS84,WGS84,30.0,UTM,SRTM-2,40,80,Y,Y,N,BRAZIL,961x3491
383,BRAZIL,EO1H2320662016198110K2,L1GST,EO1,HYPERION,2016-07-16,2016 198 12:14:45,2016 198 12:19:05,971,3481,-20,62.445755,22.886028,-5.205,-8.191352,-63.822755,-8.203687,-63.75694,-9.115559,-64.017845,-9.127943,-63.951882,WGS84,WGS84,30.0,UTM,SRTM-2,40,80,Y,Y,N,BRAZIL,971x3481
384,BRAZIL,EO1H2320662016228110K2,L1GST,EO1,HYPERION,2016-08-15,2016 228 12:12:43,2016 228 12:17:03,961,3471,-20,70.162242,25.127822,-2.0358,-8.245322,-63.835123,-8.257661,-63.769029,-9.16789,-64.028914,-9.180278,-63.962671,WGS84,WGS84,30.0,UTM,SRTM-2,40,80,Y,Y,N,BRAZIL,961x3471
385,CANADA_BC,EO1H0430242009236110PT,L1GST,EO1,HYPERION,2009-08-24,2009 236 18:20:47,2009 236 18:25:22,2031,7041,11,149.375387,46.763324,-0.8866,51.58255,-115.610124,51.566725,-115.507636,49.710693,-116.405447,49.695303,-116.306263,WGS84,WGS84,30.0,UTM,GTOPO30,40,80,Y,Y,N,CANADA,2031x7041
386,CANADA_BC,EO1H0450262002299110PZ,L1GST,EO1,HYPERION,2002-10-26,2002 299 18:37:06,2002 299 18:38:14,1131,2911,11,162.930364,26.761944,3.5426,49.594935,-118.847748,49.578442,-118.74595,48.829287,-119.172308,48.812788,-119.071968,WGS84,WGS84,30.0,UTM,SRTM-2,40,80,Y,Y,N,CANADA,1131x2911
387,CANADA_BC,EO1H0460252005218110PZ,L1GST,EO1,HYPERION,2005-08-06,2005 218 18:43:05,2005 218 18:47:24,1071,3451,10,145.569629,52.703681,0.8844,50.274537,-120.62454,50.257808,-120.52108,49.372004,-121.005278,49.355904,-120.903564,WGS84,WGS84,30.0,UTM,GTOPO30,40,80,Y,Y,N,CANADA,1071x3451
388,CANADA_BC,EO1H0470262006270110PN,L1GST,EO1,HYPERION,2006-09-27,2006 270 18:47:56,2006 270 18:52:31,2061,6971,10,156.562919,36.900545,-4.255,49.7956,-123.011273,49.780188,-122.91006,47.936259,-123.731521,47.921729,-123.633382,WGS84,WGS84,30.0,UTM,SRTM-2,40,80,Y,Y,N,CANADA,2061x6971
389,CANADA_BC,EO1H0470262008218110PM,L1GST,EO1,HYPERION,2008-08-05,2008 218 18:44:16,2008 218 18:48:52,2041,6971,10,141.487472,52.848704,-5.1679,49.731614,-122.9076,49.716379,-122.80572,47.871334,-123.618278,47.856701,-123.521495,WGS84,WGS84,30.0,UTM,SRTM-2,40,80,Y,Y,N,CANADA,2041x6971
390,CANADA_BC,EO1H0480222006350110PZ,L1GST,EO1,HYPERION,2006-12-16,2006 350 18:51:33,2006 350 18:55:52,1101,3211,10,163.532656,11.219441,-2.64,54.459645,-121.946195,54.442705,-121.833391,53.620376,-122.346505,53.603818,-122.236235,WGS84,WGS84,30.0,UTM,GTOPO30,40,80,Y,Y,N,CANADA,1101x3211
391,CANADA_BC,EO1H0480232015161110KE,L1GST,EO1,HYPERION,2015-06-10,2015 161 17:33:22,2015 161 17:37:41,1091,3451,10,121.629801,48.459764,-5.5894,53.780209,-121.681004,53.764374,-121.569638,52.87697,-122.07601,52.861784,-121.967255,WGS84,WGS84,30.0,UTM,GTOPO30,40,80,Y,Y,N,CANADA,1091x3451
392,CANADA_BC,EO1H0490212008354110PZ,L1GST,EO1,HYPERION,2008-12-19,2008 354 18:57:19,2008 354 19:01:54,2311,6991,10,163.818971,10.186231,1.631,55.994177,-122.435876,55.97635,-122.32129,54.135965,-123.403687,54.119027,-123.29479,WGS84,WGS84,30.0,UTM,GTOPO30,40,80,Y,Y,N,CANADA,2311x6991
393,CANADA_BC,EO1H0490222003154110PZ,L1GST,EO1,HYPERION,2003-06-03,2003 154 19:01:29,2003 154 19:02:38,1171,3131,10,150.127299,55.694211,0.3752,54.405678,-123.456608,54.388263,-123.343325,53.58508,-123.861572,53.568037,-123.750334,WGS84,WGS84,30.0,UTM,GTOPO30,40,80,Y,Y,N,CANADA,1171x3131
394,CANADA_BC,EO1H0490252010166110K0,L1GST,EO1,HYPERION,2010-06-15,2010 166 19:05:39,2010 166 19:10:01,1541,3901,10,144.61156,59.771891,11.056,50.461533,-125.124814,50.443195,-125.018424,49.430072,-125.602998,49.411912,-125.496627,WGS84,WGS84,30.0,UTM,GTOPO30,40,80,Y,Y,N,CANADA,1541x3901
395,CANADA_BC,EO1H0490252010202110P0,L1GST,EO1,HYPERION,2010-07-21,2010 202 19:00:44,2010 202 19:05:05,1451,3911,10,142.577181,56.050091,4.132,50.459375,-125.139512,50.443111,-125.038703,49.419578,-125.589616,49.403689,-125.490004,WGS84,WGS84,30.0,UTM,GTOPO30,40,80,Y,Y,N,CANADA,1451x3911
396,CANADA_BC,EO1H0490252010215110K0,L1GST,EO1,HYPERION,2010-08-03,2010 215 19:04:16,2010 215 19:08:38,1491,3851,10,146.080666,53.660452,9.2235,50.450848,-125.133633,50.433537,-125.030686,49.430481,-125.596812,49.413323,-125.493802,WGS84,WGS84,30.0,UTM,GTOPO30,40,80,Y,Y,N,CANADA,1491x3851
397,CANADA_BC,EO1H0490252013126110K1,L1GST,EO1,HYPERION,2013-05-06,2013 126 18:32:48,2013 126 18:37:09,1341,3941,10,138.773364,50.900746,-8.6309,50.498473,-125.155652,50.483879,-125.052718,49.451211,-125.550716,49.436907,-125.451137,WGS84,WGS84,30.0,UTM,GTOPO30,40,80,Y,Y,N,CANADA,1341x3941
398,CANADA_BC,EO1H0490252013129110K0,L1GST,EO1,HYPERION,2013-05-09,2013 129 18:46:14,2013 129 18:50:36,1501,3861,10,142.967019,53.031967,11.052,50.476201,-125.119551,50.458368,-125.014843,49.45661,-125.587014,49.43894,-125.482272,WGS84,WGS84,30.0,UTM,GTOPO30,40,80,Y,Y,N,CANADA,1501x3861
399,CANADA_BC,EO1H0490252014212110K0,L1GST,EO1,HYPERION,2014-07-31,2014 212 18:21:48,2014 212 18:26:11,1541,3841,10,130.879366,49.760001,13.874,50.472772,-125.115169,50.454164,-125.008323,49.455969,-125.591536,49.437297,-125.483433,WGS84,WGS84,30.0,UTM,GTOPO30,40,80,Y,Y,N,CANADA,1541x3841
400,CANADA_BC,EO1H0500222002190110PZ,L1GST,EO1,HYPERION,2002-07-09,2002 190 19:07:14,2002 190 19:08:23,1241,3121,10,147.793408,54.633295,-0.5874,54.977684,-124.926079,54.960307,-124.811468,54.156834,-125.33678,54.139823,-125.224296,WGS84,WGS84,30.0,UTM,GTOPO30,40,80,Y,Y,N,CANADA,1241x3121
401,CANADA_BC,EO1H0510222004171110PY,L1GST,EO1,HYPERION,2004-06-19,2004 171 19:14:12,2004 171 19:15:21,1051,3171,9,148.724731,56.589684,1.6676,54.400578,-126.286089,54.382607,-126.172786,53.576815,-126.697765,53.559261,-126.586931,WGS84,WGS84,30.0,UTM,GTOPO30,40,80,Y,Y,N,CANADA,1051x3171
402,CANADA_BC,EO1H0510222006050110PZ,L1GST,EO1,HYPERION,2006-02-19,2006 050 19:12:58,2006 050 19:17:17,1081,3281,9,157.897406,21.827391,2.0711,55.242247,-125.984503,55.224296,-125.871308,54.389902,-126.42694,54.372642,-126.315406,WGS84,WGS84,30.0,UTM,GTOPO30,40,80,Y,Y,N,CANADA,1081x3281
403,CANADA_BC,EO1H0510242004155110PZ,L1GST,EO1,HYPERION,2004-06-03,2004 155 19:14:52,2004 155 19:16:01,1071,3161,9,146.889188,56.993662,-2.0463,52.574244,-127.903426,52.557543,-127.794195,51.749286,-128.272164,51.732665,-128.165229,WGS84,WGS84,30.0,UTM,GTOPO30,40,80,Y,Y,N,CANADA,1071x3161
404,CANADA_BC,EO1H0520232003127110PZ,L1GST,EO1,HYPERION,2003-05-07,2003 127 19:20:19,2003 127 19:21:28,1121,3151,9,152.371187,51.232402,0.1002,53.549095,-128.561218,53.531922,-128.450152,52.726828,-128.951656,52.710018,-128.842534,WGS84,WGS84,30.0,UTM,GTOPO30,40,80,Y,Y,N,CANADA,1121x3151
405,CANADA_BC,EO1H0520232003287110PY,L1GST,EO1,HYPERION,2003-10-14,2003 287 19:19:44,2003 287 19:20:53,1131,3161,9,163.172361,27.75602,1.64,53.176721,-128.386827,53.159392,-128.277243,52.349858,-128.780297,52.332621,-128.672172,WGS84,WGS84,30.0,UTM,GTOPO30,40,80,Y,Y,N,CANADA,1131x3161
406,CANADA_BC,EO1H0570192004293110PY,L1GST,EO1,HYPERION,2004-10-19,2004 293 19:49:32,2004 293 19:50:41,1151,3131,8,167.161919,20.281982,-0.5379,59.15347,-133.303073,59.134225,-133.175152,58.340416,-133.802552,58.321672,-133.677297,WGS84,WGS84,30.0,UTM,GTOPO30,40,80,Y,Y,N,CANADA,1151x3131
407,CANADA_BC,EO1H1392182013058110K2,L1GST,EO1,HYPERION,2013-02-27,2013 058 05:20:18,2013 058 05:24:42,1361,4401,10,-58.421082,-34.306422,-6.7479,49.71155,-123.016927,49.726089,-122.917107,48.546304,-122.57461,48.560739,-122.476165,WGS84,WGS84,30.0,UTM,SRTM-2,40,80,Y,Y,N,CANADA,1361x4401
408,CANADA_BC,EO1H1392182013071110K3,L1GST,EO1,HYPERION,2013-03-12,2013 071 05:14:25,2013 071 05:18:48,1401,4331,10,-55.859213,-29.714017,1.1422,49.702779,-123.024618,49.718135,-122.925647,48.556634,-122.558469,48.5716,-122.461211,WGS84,WGS84,30.0,UTM,SRTM-2,40,80,Y,Y,N,CANADA,1401x4331
409,CANADA_BC,EO1H1392182013087110K2,L1GST,EO1,HYPERION,2013-03-28,2013 087 05:22:00,2013 087 05:26:24,1311,4331,10,-49.199252,-25.939146,-10.906,49.678766,-123.000075,49.693826,-122.8945,48.531888,-122.581025,48.54658,-122.478548,WGS84,WGS84,30.0,UTM,SRTM-2,40,80,Y,Y,N,CANADA,1311x4331
410,CHILE,EO1H0010742010233110K2,L1GST,EO1,HYPERION,2010-08-21,2010 233 14:25:24,2010 233 14:29:48,1191,4301,-19,47.771047,44.2083,8.3346,-19.79332,-68.878824,-19.805997,-68.807837,-20.939209,-69.132496,-20.952258,-69.061003,WGS84,WGS84,30.0,UTM,SRTM-2,40,80,Y,Y,N,CHILE,1191x4301
411,CHILE,EO1H0010742010277110K2,L1GST,EO1,HYPERION,2010-10-04,2010 277 14:29:28,2010 277 14:33:52,1241,4441,-19,63.606963,58.209332,16.677,-19.797938,-68.894281,-19.81143,-68.818709,-20.979589,-69.143792,-20.992916,-69.068241,WGS84,WGS84,30.0,UTM,SRTM-2,40,80,Y,Y,N,CHILE,1241x4441
412,CHILE,EO1H0010742010357110K0,L1GST,EO1,HYPERION,2010-12-23,2010 357 14:26:14,2010 357 14:30:37,1211,4411,-19,101.663408,60.400147,8.7228,-19.810163,-69.049825,-19.823179,-68.978555,-20.985061,-69.309755,-20.998185,-69.23739,WGS84,WGS84,30.0,UTM,SRTM-2,40,80,Y,Y,N,CHILE,1211x4411
413,CHILE,EO1H0010742011005110K2,L1GST,EO1,HYPERION,2011-01-05,2011 005 14:29:10,2011 005 14:33:33,1241,4431,-19,100.106149,59.768199,15.891,-19.770825,-68.889143,-19.784585,-68.813012,-20.948692,-69.137991,-20.962016,-69.062455,WGS84,WGS84,30.0,UTM,SRTM-2,40,80,Y,Y,N,CHILE,1241x4431
414,CHILE,EO1H0010742011124110K2,L1GST,EO1,HYPERION,2011-05-04,2011 124 14:30:06,2011 124 14:34:29,1241,4431,-19,41.366779,43.183031,18.433,-19.677823,-68.871174,-19.691574,-68.793941,-20.856272,-69.117432,-20.869858,-69.040211,WGS84,WGS84,30.0,UTM,SRTM-2,40,80,Y,Y,N,CHILE,1241x4431
415,CHILE,EO1H0010742011142110K0,L1GST,EO1,HYPERION,2011-05-22,2011 142 14:25:24,2011 142 14:29:48,1201,4421,-19,38.887091,38.930702,8.0193,-19.745101,-69.030049,-19.757568,-68.959952,-20.924374,-69.291164,-20.937217,-69.220268,WGS84,WGS84,30.0,UTM,SRTM-2,40,80,Y,Y,N,CHILE,1201x4421
416,CHILE,EO1H0010812015275110KF,L1GST,EO1,HYPERION,2015-10-02,2015 275 12:57:42,2015 275 13:02:01,961,3251,-19,73.34355,32.730216,-12.86,-29.579568,-71.375411,-29.594219,-71.296253,-30.435962,-71.608665,-30.450518,-71.528871,WGS84,WGS84,30.0,UTM,SRTM-2,40,80,Y,Y,N,CHILE,961x3251
417,CHILE,EO1H0010852014078110K6,L1GST,EO1,HYPERION,2014-03-19,2014 078 13:35:35,2014 078 13:39:59,1601,4381,-18,64.1296,30.903672,-24.267,-36.145819,-72.879559,-36.165367,-72.779715,-37.306262,-73.273277,-37.32688,-73.170279,WGS84,WGS84,30.0,UTM,SRTM-2,40,80,Y,Y,N,CHILE,1601x4381
418,CHILE,EO1H0010852014102110K6,L1GST,EO1,HYPERION,2014-04-12,2014 102 13:35:42,2014 102 13:40:06,1551,4381,-18,55.414602,25.495035,-21.78,-36.127868,-72.873712,-36.146399,-72.777587,-37.288244,-73.261505,-37.307029,-73.162973,WGS84,WGS84,30.0,UTM,SRTM-2,40,80,Y,Y,N,CHILE,1551x4381
419,CHILE,EO1H0010852014142110K6,L1GST,EO1,HYPERION,2014-05-22,2014 142 13:33:33,2014 142 13:37:56,1531,4311,-18,46.95588,16.867875,-20.687,-36.154263,-72.883002,-36.172536,-72.787187,-37.296913,-73.262661,-37.31571,-73.164795,WGS84,WGS84,30.0,UTM,SRTM-2,40,80,Y,Y,N,CHILE,1531x4311
420,CHILE,EO1H0010852015010110K5,L1GST,EO1,HYPERION,2015-01-10,2015 010 13:21:36,2015 010 13:25:59,1441,4321,-18,87.862526,41.36638,-12.388,-36.18732,-72.90213,-36.202805,-72.815696,-37.334469,-73.260781,-37.350691,-73.171394,WGS84,WGS84,30.0,UTM,SRTM-2,40,80,Y,Y,N,CHILE,1441x4321
421,CHILE,EO1H1191582016026110KF,L1GST,EO1,HYPERION,2016-01-26,2016 026 01:21:09,2016 026 01:25:28,1061,3321,-19,-128.003667,-14.791364,22.881,-36.429524,-71.521005,-36.415648,-71.420959,-37.303656,-71.307476,-37.289394,-71.204944,WGS84,WGS84,30.0,UTM,SRTM-2,40,80,Y,Y,N,CHILE,1061x3321
422,CHILE,EO1H1191582016037110KF,L1GST,EO1,HYPERION,2016-02-06,2016 037 01:24:33,2016 037 01:28:51,1041,3241,-19,-126.207366,-17.328044,15.509,-37.2093,-71.234318,-37.224118,-71.324823,-36.425361,-71.434338,-36.440094,-71.52391,WGS84,WGS84,30.0,UTM,SRTM-2,40,80,Y,Y,N,CHILE,1041x3241
423,CHILE,EO1H1191582016043110KF,L1GST,EO1,HYPERION,2016-02-12,2016 043 01:44:02,2016 043 01:48:21,1251,3291,-19,-128.609968,-21.812328,-19.549,-36.514671,-71.534826,-36.497384,-71.443581,-37.37981,-71.255965,-37.362596,-71.164745,WGS84,WGS84,30.0,UTM,SRTM-2,40,80,Y,Y,N,CHILE,1251x3291
424,CHILE,EO1H1201572010269110KF,L1GST,EO1,HYPERION,2010-09-26,2010 269 03:22:48,2010 269 03:27:08,1361,3441,-19,-152.909844,-46.179942,-18.87,-38.899029,-71.948083,-38.880858,-71.853003,-39.804123,-71.633479,-39.786036,-71.535827,WGS84,WGS84,30.0,UTM,SRTM-2,40,80,Y,Y,N,CHILE,1361x3441
425,CHILE,EO1H1201572016032110KF,L1GST,EO1,HYPERION,2016-02-01,2016 032 01:40:03,2016 032 01:44:21,1121,3221,-19,-130.449884,-16.761717,-2.9017,-39.014338,-72.097662,-39.0006,-72.013665,-39.868296,-71.834431,-39.854682,-71.749092,WGS84,WGS84,30.0,UTM,SRTM-2,40,80,Y,Y,N,CHILE,1121x3221
426,CHILE,EO1H1201582013157110KF,L1GST,EO1,HYPERION,2013-06-06,2013 157 02:36:30,2013 157 02:40:49,1071,3301,-19,-110.718204,-59.321716,18.459,-37.482509,-71.299513,-37.468411,-71.202501,-38.351773,-71.075702,-38.338283,-70.980674,WGS84,WGS84,30.0,UTM,SRTM-2,40,80,Y,Y,N,CHILE,1071x3301
427,CHILE,EO1H1201582013168110PF,L1GST,EO1,HYPERION,2013-06-17,2013 168 02:52:54,2013 168 02:57:13,1171,3271,-19,-113.647221,-62.343901,-10.638,-37.526791,-71.316143,-37.511168,-71.22919,-38.388605,-71.041053,-38.373314,-70.95519,WGS84,WGS84,30.0,UTM,SRTM-2,40,80,Y,Y,N,CHILE,1171x3271
428,CHILE,EO1H1201582013345110KF,L1GST,EO1,HYPERION,2013-12-11,2013 345 02:46:44,2013 345 02:51:03,1221,3281,-19,-152.539758,-24.018054,-15.783,-37.454238,-71.348495,-37.437363,-71.257515,-38.315466,-71.065076,-38.298909,-70.975145,WGS84,WGS84,30.0,UTM,SRTM-2,40,80,Y,Y,N,CHILE,1221x3281
429,CHILE,EO1H1201582016013110KF,L1GST,EO1,HYPERION,2016-01-13,2016 013 01:43:18,2016 013 01:47:36,1191,3291,-19,-135.054662,-16.061276,-13.086,-37.435934,-71.344532,-37.420334,-71.257342,-38.304339,-71.067506,-38.288812,-70.980703,WGS84,WGS84,30.0,UTM,SRTM-2,40,80,Y,Y,N,CHILE,1191x3291
430,CHILE,EO1H1201582016029110KF,L1GST,EO1,HYPERION,2016-01-29,2016 029 01:30:39,2016 029 01:34:58,1041,3231,-19,-129.517878,-16.242742,6.3687,-37.460352,-71.312733,-37.447368,-71.228995,-38.315038,-71.073982,-38.301642,-70.98929,WGS84,WGS84,30.0,UTM,SRTM-2,40,80,Y,Y,N,CHILE,1041x3231
431,CHILE,EO1H1211552015115110KF,L1GST,EO1,HYPERION,2015-04-25,2015 115 02:05:18,2015 115 02:09:37,911,3311,-18,-117.188237,-44.9922,7.7944,-41.088522,-72.721986,-41.07457,-72.632941,-41.958523,-72.462735,-41.944593,-72.371831,WGS84,WGS84,30.0,UTM,SRTM-2,40,80,Y,Y,N,CHILE,911x3311
432,CHILE,EO1H2320862016013110PF,L1GST,EO1,HYPERION,2016-01-13,2016 013 12:43:53,2016 013 12:48:11,951,3251,-19,91.352198,34.901105,-4.8552,-37.401424,-71.079699,-37.415828,-70.996799,-38.255197,-71.338058,-38.269533,-71.254598,WGS84,WGS84,30.0,UTM,SRTM-2,40,80,Y,Y,N,CHILE,951x3251
433,CHILE,EO1H2320902010222110KF,L1GST,EO1,HYPERION,2010-08-10,2010 222 14:06:08,2010 222 14:10:26,1321,3261,-18,43.30186,20.096391,-18.418,-42.373296,-72.527735,-42.393817,-72.429326,-43.230497,-72.864337,-43.252509,-72.758692,WGS84,WGS84,30.0,UTM,SRTM-2,40,80,Y,Y,N,CHILE,1321x3261
434,CHILE,EO1H2320922011305110KF,L1GST,EO1,HYPERION,2011-11-01,2011 305 14:20:01,2011 305 14:24:20,1111,3271,-18,52.756426,47.697653,7.9429,-45.516698,-73.156265,-45.531034,-73.060215,-46.379484,-73.452492,-46.394048,-73.355002,WGS84,WGS84,30.0,UTM,SRTM-2,40,80,Y,Y,N,CHILE,1111x3271
435,CHILE,EO1H2320922011334110KF,L1GST,EO1,HYPERION,2011-11-30,2011 334 14:35:23,2011 334 14:39:41,1061,3191,-18,56.526211,54.957616,28.855,-45.476333,-73.198989,-45.491451,-73.066941,-46.313922,-73.416559,-46.330347,-73.28291,WGS84,WGS84,30.0,UTM,SRTM-2,40,80,Y,Y,N,CHILE,1061x3191
436,CHILE,EO1H2330792016340110KF,L1GST,EO1,HYPERION,2016-12-05,2016 340 12:13:57,2016 340 12:18:16,921,3241,-19,100.08916,32.72297,1.9753,-27.245866,-69.923292,-27.258513,-69.850138,-28.101166,-70.130925,-28.114211,-70.056623,WGS84,WGS84,30.0,UTM,SRTM-2,40,80,Y,Y,N,CHILE,921x3241
437,CHILE,EO1H2330792016343110KF,L1GST,EO1,HYPERION,2016-12-08,2016 343 12:23:20,2016 343 12:27:39,951,3281,-19,99.676768,34.649088,20.904,-27.347251,-69.900701,-27.36275,-69.812872,-28.195979,-70.083015,-28.211509,-69.994441,WGS84,WGS84,30.0,UTM,SRTM-2,40,80,Y,Y,N,CHILE,951x3281
438,CHILE,EO1H2330822011082110Km,L1GST,EO1,HYPERION,2011-03-23,2011 082 14:10:57,2011 082 14:15:17,1151,3531,-19,56.276056,40.241908,-18.972,-31.395924,-70.919664,-31.414331,-70.826404,-32.31888,-71.203759,-32.337227,-71.111547,WGS84,WGS84,30.0,UTM,SRTM-2,40,80,Y,Y,N,CHILE,1151x3531
439,CHILE,EO1H2330832011248110PF,L1GST,EO1,HYPERION,2011-09-05,2011 248 14:19:54,2011 248 14:24:12,931,3261,-19,45.865548,37.942843,5.2292,-33.009318,-70.4892,-33.023731,-70.41276,-33.867016,-70.715795,-33.882696,-70.636726,WGS84,WGS84,30.0,UTM,SRTM-2,40,80,Y,Y,N,CHILE,931x3261
440,CHILE,EO1H2330832017050110KF,L1GST,EO1,HYPERION,2017-02-19,2017 050 11:52:40,2017 050 11:56:58,1061,3251,-19,91.444843,18.228583,-16.627,-32.996278,-70.538104,-33.012749,-70.450158,-33.846153,-70.794161,-33.862526,-70.707679,WGS84,WGS84,30.0,UTM,SRTM-2,40,80,Y,Y,N,CHILE,1061x3251
441,CHILE,EO1H2330842010261110KF,L1GST,EO1,HYPERION,2010-09-18,2010 261 14:14:26,2010 261 14:18:45,991,3241,-19,49.183545,40.458221,-6.0097,-34.796313,-70.688824,-34.811227,-70.60591,-35.649146,-70.938629,-35.663968,-70.855889,WGS84,WGS84,30.0,UTM,SRTM-2,40,80,Y,Y,N,CHILE,991x3241
442,CHILE,EO1H2330842010264110KF,L1GST,EO1,HYPERION,2010-09-21,2010 264 14:30:13,2010 264 14:34:31,951,3321,-19,45.587002,43.916292,21.622,-34.811444,-70.72847,-34.826478,-70.638673,-35.682847,-70.945088,-35.700011,-70.851112,WGS84,WGS84,30.0,UTM,SRTM-2,40,80,Y,Y,N,CHILE,951x3321
443,CHILE,EO1H2330842010282110KF,L1GST,EO1,HYPERION,2010-10-09,2010 282 14:27:20,2010 282 14:31:38,931,3271,-19,50.925253,49.839334,17.117,-34.851944,-70.733582,-34.866181,-70.643073,-35.710649,-70.948413,-35.724766,-70.859307,WGS84,WGS84,30.0,UTM,SRTM-2,40,80,Y,Y,N,CHILE,931x3271
444,CHILE,EO1H2330842011056110KF,L1GST,EO1,HYPERION,2011-02-25,2011 056 14:06:39,2011 056 14:10:57,1151,3321,-19,66.083141,43.698071,-20.748,-34.616018,-70.8301,-34.634998,-70.73406,-35.481307,-71.109501,-35.500527,-71.013187,WGS84,WGS84,30.0,UTM,SRTM-2,40,80,Y,Y,N,CHILE,1151x3321
445,CHILE,EO1H2330842011064110KF,L1GST,EO1,HYPERION,2011-03-05,2011 064 14:15:45,2011 064 14:20:03,971,3301,-19,60.281949,43.681765,-3.5438,-34.703893,-70.662708,-34.71822,-70.581835,-35.571112,-70.913903,-35.585084,-70.832543,WGS84,WGS84,30.0,UTM,SRTM-2,40,80,Y,Y,N,CHILE,971x3301
446,CHILE,EO1H2330842011152110KF,L1GST,EO1,HYPERION,2011-06-01,2011 152 14:15:55,2011 152 14:20:13,971,3311,-19,36.125074,23.48442,-2.437,-34.689876,-70.659153,-34.703926,-70.578614,-35.561728,-70.908717,-35.575676,-70.828688,WGS84,WGS84,30.0,UTM,SRTM-2,40,80,Y,Y,N,CHILE,971x3311
447,CHILE,EO1H2330852016032110KF,L1GST,EO1,HYPERION,2016-02-01,2016 032 12:40:45,2016 032 12:45:04,1031,3481,-19,88.97493,30.776714,-10.018,-36.402519,-71.27754,-36.417334,-71.193746,-37.315514,-71.559108,-37.330845,-71.473718,WGS84,WGS84,30.0,UTM,SRTM-2,40,80,Y,Y,N,CHILE,1031x3481
448,CHILE,EO1H2330852016038110KF,L1GST,EO1,HYPERION,2016-02-07,2016 038 13:00:16,2016 038 13:04:34,911,3281,-19,84.258703,33.574666,24.787,-36.367831,-71.323632,-36.382761,-71.220858,-37.229412,-71.527468,-37.244572,-71.422919,WGS84,WGS84,30.0,UTM,SRTM-2,40,80,Y,Y,N,CHILE,911x3281
449,CHILE,EO1H2330852016040110KF,L1GST,EO1,HYPERION,2016-02-09,2016 040 12:34:22,2016 040 12:38:40,1091,3261,-19,87.757885,28.022104,-19.376,-36.406976,-71.270638,-36.424052,-71.181214,-37.257827,-71.551409,-37.27543,-71.460406,WGS84,WGS84,30.0,UTM,SRTM-2,40,80,Y,Y,N,CHILE,1091x3261
450,CHILE,EO1H2330852016043110PF,L1GST,EO1,HYPERION,2016-02-12,2016 043 12:44:05,2016 043 12:48:24,941,3361,-19,85.336996,29.416212,0.0,-36.352342,-71.271397,-36.366009,-71.190971,-37.238057,-71.527746,-37.251914,-71.447126,WGS84,WGS84,30.0,UTM,SRTM-2,40,80,Y,Y,N,CHILE,941x3361
451,CHILE,EO1H2330852017026110KF,L1GST,EO1,HYPERION,2017-01-26,2017 026 12:16:30,2017 026 12:20:49,901,3331,-19,93.78732,26.886421,20.163,-36.408571,-71.3282,-36.422541,-71.233703,-37.284314,-71.539117,-37.298169,-71.445947,WGS84,WGS84,30.0,UTM,SRTM-2,40,80,Y,Y,N,CHILE,901x3331
452,CHILE,EO1H2330862013005110PF,L1GST,EO1,HYPERION,2013-01-05,2013 005 14:04:01,2013 005 14:08:20,931,3241,-19,78.473662,51.578943,-1.2866,-37.427719,-71.308921,-37.441717,-71.227384,-38.279929,-71.5645,-38.29414,-71.481743,WGS84,WGS84,30.0,UTM,SRTM-2,40,80,Y,Y,N,CHILE,931x3241
453,CHILE,EO1H2330862013050110KF,L1GST,EO1,HYPERION,2013-02-19,2013 050 14:14:46,2013 050 14:19:04,921,3321,-19,64.434651,44.926133,19.853,-37.340121,-71.322801,-37.35469,-71.225816,-38.212272,-71.543289,-38.227357,-71.44386,WGS84,WGS84,30.0,UTM,SRTM-2,40,80,Y,Y,N,CHILE,921x3321
454,CHILE,EO1H2330872011010110KF,L1GST,EO1,HYPERION,2011-01-10,2011 010 14:28:00,2011 010 14:32:19,931,3551,-19,71.221545,54.567325,15.698,-38.913246,-71.865873,-38.92763,-71.77382,-39.845309,-72.119297,-39.859379,-72.026764,WGS84,WGS84,30.0,UTM,SRTM-2,40,80,Y,Y,N,CHILE,931x3551
455,CHILE,EO1H2330872011023110KF,L1GST,EO1,HYPERION,2011-01-23,2011 023 14:30:50,2011 023 14:35:08,891,3271,-19,68.27295,52.694915,20.196,-38.985296,-71.89231,-39.000115,-71.794311,-39.843561,-72.113966,-39.858014,-72.016902,WGS84,WGS84,30.0,UTM,SRTM-2,40,80,Y,Y,N,CHILE,891x3271
456,CHILE,EO1H2330872015064110KF,L1GST,EO1,HYPERION,2015-03-05,2015 064 13:22:12,2015 064 13:26:31,1091,3301,-18,70.121515,31.292657,6.9755,-38.894364,-72.027605,-38.907562,-71.942386,-39.767253,-72.279372,-39.780614,-72.19381,WGS84,WGS84,30.0,UTM,SRTM-2,40,80,Y,Y,N,CHILE,1091x3301
457,CHILE,EO1H2330882011175110KF,L1GST,EO1,HYPERION,2011-06-24,2011 175 14:05:34,2011 175 14:09:52,1301,3211,-18,38.489291,15.625471,-19.435,-40.066056,-71.981834,-40.084534,-71.883994,-40.910335,-72.291442,-40.929775,-72.189544,WGS84,WGS84,30.0,UTM,SRTM-2,40,80,Y,Y,N,CHILE,1301x3211
458,CHILE,EO1H2330882011183110KF,L1GST,EO1,HYPERION,2011-07-02,2011 183 14:14:05,2011 183 14:18:24,1181,3261,-18,37.298714,16.72282,-5.9664,-40.09532,-72.037196,-40.110354,-71.950391,-40.95866,-72.324395,-40.973865,-72.236152,WGS84,WGS84,30.0,UTM,SRTM-2,40,80,Y,Y,N,CHILE,1181x3261
459,CHILE,EO1H2330882013013110PF,L1GST,EO1,HYPERION,2013-01-13,2013 013 14:08:57,2013 013 14:13:16,1091,3221,-18,74.217042,49.880507,5.757,-40.115023,-72.232734,-40.12835,-72.147429,-40.966158,-72.4895,-40.979609,-72.401714,WGS84,WGS84,30.0,UTM,SRTM-2,40,80,Y,Y,N,CHILE,1091x3221
460,ETHIOPIA,EO1H0391932014349110KF,L1GST,EO1,HYPERION,2014-12-15,2014 349 17:56:25,2014 349 18:00:43,1151,3271,37,-109.272473,-43.236014,30.897,14.002624,40.537713,14.022326,40.633857,13.142502,40.738702,13.162162,40.835051,WGS84,WGS84,30.0,UTM,SRTM-2,40,80,Y,Y,N,ETHIOPIA,1151x3271
461,ETHIOPIA,EO1H0391932014352110PF,L1GST,EO1,HYPERION,2014-12-18,2014 352 18:07:26,2014 352 18:11:45,1031,3461,37,-109.653759,-45.410168,9.7125,14.014201,40.550289,14.027305,40.61919,13.093593,40.753275,13.106397,40.822459,WGS84,WGS84,30.0,UTM,SRTM-2,40,80,Y,Y,N,ETHIOPIA,1031x3461
462,ETHIOPIA,EO1H0391932014355110KF,L1GST,EO1,HYPERION,2014-12-21,2014 355 18:18:28,2014 355 18:22:47,991,3371,37,-109.969586,-47.587158,-15.04,13.993822,40.556813,14.006902,40.629034,13.100714,40.742818,13.113773,40.814491,WGS84,WGS84,30.0,UTM,SRTM-2,40,80,Y,Y,N,ETHIOPIA,991x3371
463,ETHIOPIA,EO1H0391932014363110KF,L1GST,EO1,HYPERION,2014-12-29,2014 363 18:15:19,2014 363 18:19:38,961,3311,37,-109.659646,-45.934166,-9.7692,13.737031,40.597546,13.749317,40.666353,12.859649,40.782591,12.871915,40.851149,WGS84,WGS84,30.0,UTM,SRTM-2,40,80,Y,Y,N,ETHIOPIA,961x3311
464,ETHIOPIA,EO1H0391932015025110KF,L1GST,EO1,HYPERION,2015-01-25,2015 025 18:16:15,2015 025 18:20:33,971,3261,37,-103.275791,-43.966522,-16.625,13.954142,40.570706,13.967213,40.643746,13.087651,40.749921,13.100706,40.821865,WGS84,WGS84,30.0,UTM,SRTM-2,40,80,Y,Y,N,ETHIOPIA,971x3261
465,ETHIOPIA,EO1H0391932015065110KF,L1GST,EO1,HYPERION,2015-03-06,2015 065 17:57:48,2015 065 18:02:06,1031,3311,37,-86.442941,-38.052995,16.573,13.954294,40.547111,13.968451,40.620994,13.07793,40.743765,13.092328,40.817931,WGS84,WGS84,30.0,UTM,SRTM-2,40,80,Y,Y,N,ETHIOPIA,1031x3311
466,ETHIOPIA,EO1H0391932015076110KF,L1GST,EO1,HYPERION,2015-03-17,2015 076 18:04:24,2015 076 18:08:43,951,3241,37,-80.36456,-39.302205,0.0855,13.863147,40.594243,13.87544,40.661424,13.001223,40.778896,13.013496,40.845835,WGS84,WGS84,30.0,UTM,SRTM-2,40,80,Y,Y,N,ETHIOPIA,951x3241
467,ETHIOPIA,EO1H0391932015081110KF,L1GST,EO1,HYPERION,2015-03-22,2015 081 17:49:45,2015 081 17:54:03,1121,3321,37,-79.092985,-35.516337,28.61,14.030539,40.540121,14.049187,40.63155,13.157662,40.742401,13.176,40.833767,WGS84,WGS84,30.0,UTM,SRTM-2,40,80,Y,Y,N,ETHIOPIA,1121x3321
468,ETHIOPIA,EO1H0391932015087110KF,L1GST,EO1,HYPERION,2015-03-28,2015 087 18:10:53,2015 087 18:15:11,971,3251,37,-73.998216,-40.226773,-15.925,13.892485,40.58639,13.905821,40.659966,13.031949,40.766399,13.045266,40.839434,WGS84,WGS84,30.0,UTM,SRTM-2,40,80,Y,Y,N,ETHIOPIA,971x3251
469,ETHIOPIA,EO1H0391932015100110KF,L1GST,EO1,HYPERION,2015-04-10,2015 100 17:51:45,2015 100 17:56:04,1061,3261,37,-69.976731,-34.838169,22.423,13.883615,40.574396,13.899353,40.654093,13.02271,40.769379,13.038143,40.849617,WGS84,WGS84,30.0,UTM,SRTM-2,40,80,Y,Y,N,ETHIOPIA,1061x3261
470,ETHIOPIA,EO1H0391932015106110KF,L1GST,EO1,HYPERION,2015-04-16,2015 106 18:12:44,2015 106 18:17:02,1001,3331,37,-64.587592,-38.956528,-22.873,13.921846,40.574928,13.936221,40.655457,13.040714,40.753467,13.055073,40.832869,WGS84,WGS84,30.0,UTM,SRTM-2,40,80,Y,Y,N,ETHIOPIA,1001x3331
471,ETHIOPIA,EO1H0391932015108110KF,L1GST,EO1,HYPERION,2015-04-18,2015 108 17:47:19,2015 108 17:51:37,1131,3331,37,-67.095749,-33.148319,29.031,13.880116,40.570487,13.898491,40.6613,13.005606,40.772306,13.023668,40.863891,WGS84,WGS84,30.0,UTM,SRTM-2,40,80,Y,Y,N,ETHIOPIA,1131x3331
472,ETHIOPIA,EO1H0391932015141110KF,L1GST,EO1,HYPERION,2015-05-21,2015 141 18:04:16,2015 141 18:08:34,961,3261,37,-54.595514,-32.884187,-12.213,13.892213,40.586388,13.904764,40.655799,13.025709,40.766905,13.03824,40.836063,WGS84,WGS84,30.0,UTM,SRTM-2,40,80,Y,Y,N,ETHIOPIA,961x3261
473,ETHIOPIA,EO1H0391932015149110KF,L1GST,EO1,HYPERION,2015-05-29,2015 149 17:59:19,2015 149 18:03:38,961,3311,37,-53.905183,-31.046107,-4.1567,14.006046,40.71436,14.018036,40.780752,13.125896,40.901241,13.138136,40.967664,WGS84,WGS84,30.0,UTM,SRTM-2,40,80,Y,Y,N,ETHIOPIA,961x3311
474,ETHIOPIA,EO1H0391932015152110KF,L1GST,EO1,HYPERION,2015-06-01,2015 152 18:09:35,2015 152 18:13:53,1011,3331,37,-52.132359,-32.673042,-24.713,13.896305,40.582803,13.9112,40.666378,13.017898,40.759116,13.032503,40.841828,WGS84,WGS84,30.0,UTM,SRTM-2,40,80,Y,Y,N,ETHIOPIA,1011x3331
475,ETHIOPIA,EO1H0391932015176110PF,L1GST,EO1,HYPERION,2015-06-25,2015 176 17:54:24,2015 176 17:58:45,1011,3531,37,-53.752609,-28.08443,2.7233,13.937848,40.57421,13.950146,40.641417,12.997435,40.777757,13.009979,40.844701,WGS84,WGS84,30.0,UTM,SRTM-2,40,80,Y,Y,N,ETHIOPIA,1011x3531
476,ETHIOPIA,EO1H0391932015179110KF,L1GST,EO1,HYPERION,2015-06-28,2015 179 18:04:38,2015 179 18:08:56,981,3261,37,-52.507371,-29.978337,-19.698,13.953047,40.572363,13.966902,40.649569,13.088473,40.748547,13.102313,40.824643,WGS84,WGS84,30.0,UTM,SRTM-2,40,80,Y,Y,N,ETHIOPIA,981x3261
477,ETHIOPIA,EO1H0391932015184110PF,L1GST,EO1,HYPERION,2015-07-03,2015 184 17:49:14,2015 184 17:53:34,1051,3521,37,-55.068533,-26.951118,12.391,13.960136,40.566309,13.973497,40.636861,13.025395,40.773259,13.038997,40.844089,WGS84,WGS84,30.0,UTM,SRTM-2,40,80,Y,Y,N,ETHIOPIA,1051x3521
478,ETHIOPIA,EO1H0391932015198110KF,L1GST,EO1,HYPERION,2015-07-17,2015 198 18:04:22,2015 198 18:08:42,1001,3321,37,-55.022292,-30.467757,-22.46,13.98105,40.561169,13.995695,40.642275,13.103177,40.739523,13.117805,40.8195,WGS84,WGS84,30.0,UTM,SRTM-2,40,80,Y,Y,N,ETHIOPIA,1001x3321
479,ETHIOPIA,EO1H0391932015206110KF,L1GST,EO1,HYPERION,2015-07-25,2015 206 17:59:04,2015 206 18:03:24,961,3261,37,-57.367468,-30.13454,-13.484,13.934606,40.572519,13.947416,40.644162,13.070008,40.752284,13.082532,40.822837,WGS84,WGS84,30.0,UTM,SRTM-2,40,80,Y,Y,N,ETHIOPIA,961x3261
480,ETHIOPIA,EO1H0391932015217110KF,L1GST,EO1,HYPERION,2015-08-05,2015 217 18:03:54,2015 217 18:08:13,1021,3321,37,-59.374999,-32.542899,-24.937,13.976978,40.561693,13.992147,40.645578,13.096671,40.739202,13.11182,40.822223,WGS84,WGS84,30.0,UTM,SRTM-2,40,80,Y,Y,N,ETHIOPIA,1021x3321
481,ETHIOPIA,EO1H0391932015222110PF,L1GST,EO1,HYPERION,2015-08-10,2015 222 17:48:24,2015 222 17:52:43,1031,3541,37,-62.759256,-30.019544,6.8504,14.025044,40.550917,14.037343,40.618428,13.083538,40.75652,13.09581,40.824039,WGS84,WGS84,30.0,UTM,SRTM-2,40,80,Y,Y,N,ETHIOPIA,1031x3541
482,ETHIOPIA,EO1H0391932015230110KF,L1GST,EO1,HYPERION,2015-08-18,2015 230 17:43:00,2015 230 17:47:19,1011,3261,37,-65.808447,-30.225123,16.887,13.99303,40.553479,14.006919,40.626539,13.128348,40.746609,13.14221,40.819404,WGS84,WGS84,30.0,UTM,SRTM-2,40,80,Y,Y,N,ETHIOPIA,1011x3261
483,ETHIOPIA,EO1H0391932015238110KF,L1GST,EO1,HYPERION,2015-08-26,2015 238 17:37:33,2015 238 17:41:52,1091,3261,37,-69.067458,-30.55288,25.893,13.973258,40.550012,13.989784,40.634187,13.11289,40.746786,13.12965,40.831488,WGS84,WGS84,30.0,UTM,SRTM-2,40,80,Y,Y,N,ETHIOPIA,1091x3261
484,ETHIOPIA,EO1H0391932015244110KF,L1GST,EO1,HYPERION,2015-09-01,2015 244 17:57:44,2015 244 18:02:02,981,3321,37,-68.844466,-36.360753,-18.121,14.014162,40.556395,14.0275,40.630566,13.131927,40.738613,13.14524,40.812784,WGS84,WGS84,30.0,UTM,SRTM-2,40,80,Y,Y,N,ETHIOPIA,981x3321
485,ETHIOPIA,EO1H0391932015260110PF,L1GST,EO1,HYPERION,2015-09-17,2015 260 17:46:39,2015 260 17:50:59,1001,3471,37,-76.492205,-37.259846,2.8899,14.038638,40.545453,14.050678,40.611299,13.115073,40.744847,13.127088,40.810713,WGS84,WGS84,30.0,UTM,SRTM-2,40,80,Y,Y,N,ETHIOPIA,1001x3471
486,ETHIOPIA,EO1H0391932015265110KF,L1GST,EO1,HYPERION,2015-09-22,2015 265 17:31:03,2015 265 17:35:21,1171,3341,37,-80.05543,-34.55956,32.262,14.020838,40.530612,14.041067,40.629266,13.143603,40.736218,13.163789,40.835061,WGS84,WGS84,30.0,UTM,SRTM-2,40,80,Y,Y,N,ETHIOPIA,1171x3341
487,ETHIOPIA,EO1H0391932015301110KF,L1GST,EO1,HYPERION,2015-10-28,2015 301 17:54:10,2015 301 17:58:29,981,3261,37,-95.016245,-45.128143,-21.44,14.068465,40.545928,14.082581,40.625394,13.204717,40.721144,13.219078,40.800875,WGS84,WGS84,30.0,UTM,SRTM-2,40,80,Y,Y,N,ETHIOPIA,981x3261
488,ETHIOPIA,EO1H0391932015309110KF,L1GST,EO1,HYPERION,2015-11-05,2015 309 17:48:22,2015 309 17:52:40,951,3251,37,-98.795919,-44.009104,-11.372,14.025567,40.553975,14.038388,40.624259,13.162597,40.7344,13.175124,40.804702,WGS84,WGS84,30.0,UTM,SRTM-2,40,80,Y,Y,N,ETHIOPIA,951x3251
489,ETHIOPIA,EO1H0391932015317110KF,L1GST,EO1,HYPERION,2015-11-13,2015 317 17:42:32,2015 317 17:46:50,971,3371,37,-102.009371,-42.572039,-0.2945,14.101323,40.538375,14.113627,40.605349,13.206281,40.730551,13.21829,40.797269,WGS84,WGS84,30.0,UTM,SRTM-2,40,80,Y,Y,N,ETHIOPIA,971x3371
490,ETHIOPIA,EO1H0391932015320110KF,L1GST,EO1,HYPERION,2015-11-16,2015 320 17:52:27,2015 320 17:56:45,1001,3321,37,-102.968449,-44.836789,-21.852,14.093723,40.539706,14.10784,40.619183,13.21314,40.71871,13.227499,40.798722,WGS84,WGS84,30.0,UTM,SRTM-2,40,80,Y,Y,N,ETHIOPIA,1001x3321
491,ETHIOPIA,EO1H0391932015325110PF,L1GST,EO1,HYPERION,2015-11-21,2015 325 17:36:36,2015 325 17:40:55,1051,3531,37,-104.675924,-40.858572,11.0,14.115472,40.530964,14.128303,40.60045,13.178305,40.737271,13.190837,40.806755,WGS84,WGS84,30.0,UTM,SRTM-2,40,80,Y,Y,N,ETHIOPIA,1051x3531
492,ETHIOPIA,EO1H0391932015328110KF,L1GST,EO1,HYPERION,2015-11-24,2015 328 17:46:31,2015 328 17:50:49,961,3261,37,-105.509787,-42.996933,-11.546,14.048635,40.551072,14.06119,40.620807,13.183766,40.731781,13.196296,40.801537,WGS84,WGS84,30.0,UTM,SRTM-2,40,80,Y,Y,N,ETHIOPIA,961x3261
493,ETHIOPIA,EO1H0391932015333110KF,L1GST,EO1,HYPERION,2015-11-29,2015 333 17:30:38,2015 333 17:34:56,1041,3271,37,-106.732628,-38.92347,21.555,14.057672,40.537525,14.073154,40.615891,13.19515,40.732419,13.210332,40.810498,WGS84,WGS84,30.0,UTM,SRTM-2,40,80,Y,Y,N,ETHIOPIA,1041x3271
494,ETHIOPIA,EO1H0391932015336110KF,L1GST,EO1,HYPERION,2015-12-02,2015 336 17:40:31,2015 336 17:44:50,941,3261,37,-107.341682,-40.960898,-0.0826,14.089101,40.541626,14.101409,40.607762,13.225286,40.727087,13.237301,40.792979,WGS84,WGS84,30.0,UTM,SRTM-2,40,80,Y,Y,N,ETHIOPIA,941x3261
495,ETHIOPIA,EO1H0391932015347110KF,L1GST,EO1,HYPERION,2015-12-13,2015 347 17:44:19,2015 347 17:48:38,961,3311,37,-108.947307,-40.704329,-11.097,14.039398,40.553788,14.051957,40.622688,13.157964,40.73796,13.170499,40.80688,WGS84,WGS84,30.0,UTM,SRTM-2,40,80,Y,Y,N,ETHIOPIA,961x3311
496,ETHIOPIA,EO1H0391932015352110KF,L1GST,EO1,HYPERION,2015-12-18,2015 352 17:28:23,2015 352 17:32:41,1061,3321,37,-109.150149,-36.489565,22.349,14.046543,40.539116,14.062022,40.618035,13.166367,40.738302,13.181816,40.816928,WGS84,WGS84,30.0,UTM,SRTM-2,40,80,Y,Y,N,ETHIOPIA,1061x3321
497,ETHIOPIA,EO1H0391932015358110KF,L1GST,EO1,HYPERION,2015-12-24,2015 358 17:48:02,2015 358 17:52:20,981,3271,37,-109.22307,-40.323619,-21.086,14.078502,40.54516,14.092091,40.622406,13.210952,40.721462,13.225055,40.799257,WGS84,WGS84,30.0,UTM,SRTM-2,40,80,Y,Y,N,ETHIOPIA,981x3271
498,ETHIOPIA,EO1H0391932015360110KF,L1GST,EO1,HYPERION,2015-12-26,2015 360 17:22:13,2015 360 17:26:31,1151,3281,37,-109.174093,-34.155895,31.54,13.983071,40.542302,14.002499,40.638713,13.122404,40.743263,13.141791,40.839878,WGS84,WGS84,30.0,UTM,SRTM-2,40,80,Y,Y,N,ETHIOPIA,1151x3281
499,ETHIOPIA,EO1H0391932016001110KF,L1GST,EO1,HYPERION,2016-01-01,2016 001 17:41:49,2016 001 17:46:08,961,3331,37,-108.682722,-37.994889,-9.8452,14.029936,40.549282,14.042232,40.617344,13.146599,40.734284,13.158873,40.802093,WGS84,WGS84,30.0,UTM,SRTM-2,40,80,Y,Y,N,ETHIOPIA,961x3331
500,ETHIOPIA,EO1H0391932016012110KF,L1GST,EO1,HYPERION,2016-01-12,2016 012 17:45:22,2016 012 17:49:41,981,3331,37,-106.963311,-37.711737,-19.64,14.03479,40.553479,14.048386,40.629601,13.152027,40.7335,13.165869,40.809616,WGS84,WGS84,30.0,UTM,SRTM-2,40,80,Y,Y,N,ETHIOPIA,981x3331
501,ETHIOPIA,EO1H0391932016025110KF,L1GST,EO1,HYPERION,2016-01-25,2016 025 17:23:00,2016 025 17:27:19,1091,3311,37,-104.099867,-31.394068,24.795,14.031895,40.53985,14.048159,40.622935,13.156592,40.740174,13.173094,40.82323,WGS84,WGS84,30.0,UTM,SRTM-2,40,80,Y,Y,N,ETHIOPIA,1091x3311
502,ETHIOPIA,EO1H0391932016031110KF,L1GST,EO1,HYPERION,2016-01-31,2016 031 17:42:30,2016 031 17:46:49,971,3321,37,-101.820311,-35.613862,-17.733,13.981569,40.564784,13.994899,40.639775,13.103412,40.744776,13.116996,40.818939,WGS84,WGS84,30.0,UTM,SRTM-2,40,80,Y,Y,N,ETHIOPIA,971x3321
503,ETHIOPIA,EO1H0391932016044110KF,L1GST,EO1,HYPERION,2016-02-13,2016 044 17:20:01,2016 044 17:24:20,1111,3321,37,-97.821253,-29.571972,26.377,13.993388,40.540151,14.010714,40.626837,13.11862,40.741571,13.135906,40.828767,WGS84,WGS84,30.0,UTM,SRTM-2,40,80,Y,Y,N,ETHIOPIA,1111x3321
504,ETHIOPIA,EO1H0391932016058110KF,L1GST,EO1,HYPERION,2016-02-27,2016 058 17:32:58,2016 058 17:37:17,961,3301,37,-91.405511,-32.2472,-3.4208,13.942192,40.573405,13.954489,40.64061,13.06535,40.759438,13.077626,40.826396,WGS84,WGS84,30.0,UTM,SRTM-2,40,80,Y,Y,N,ETHIOPIA,961x3301
505,ETHIOPIA,EO1H0391932016061110KF,L1GST,EO1,HYPERION,2016-03-01,2016 061 17:42:40,2016 061 17:46:59,1001,3321,37,-89.48988,-34.515656,-23.935,13.925167,40.564401,13.940072,40.64743,13.047044,40.739685,13.06193,40.821856,WGS84,WGS84,30.0,UTM,SRTM-2,40,80,Y,Y,N,ETHIOPIA,1001x3321
506,ETHIOPIA,EO1H0391932016082110KF,L1GST,EO1,HYPERION,2016-03-22,2016 082 17:13:19,2016 082 17:17:38,1161,3331,37,-81.819605,-26.767855,30.902,13.963239,40.548001,13.982673,40.643295,13.090357,40.750506,13.110008,40.84794,WGS84,WGS84,30.0,UTM,SRTM-2,40,80,Y,Y,N,ETHIOPIA,1161x3331
507,ETHIOPIA,EO1H1680542015188110T2,L1GST,EO1,HYPERION,2015-07-07,2015 188 06:11:41,2015 188 06:16:00,981,3491,37,66.918283,40.868711,-5.4581,8.537267,38.928331,8.525338,38.993145,7.609931,38.735313,7.598029,38.800256,WGS84,WGS84,30.0,UTM,SRTM-2,40,80,Y,Y,N,ETHIOPIA,981x3491
508,ETHIOPIA,EO1H1680542016326110T2,L1GST,EO1,HYPERION,2016-11-21,2016 326 05:19:02,2016 326 05:23:21,971,3481,37,117.30878,27.084183,-2.9037,8.441745,38.911178,8.429818,38.97652,7.516842,38.719055,7.504671,38.784526,WGS84,WGS84,30.0,UTM,SRTM-2,40,80,Y,Y,N,ETHIOPIA,971x3481
509,INDONESIA,EO1H0031832005107110KF,L1GST,EO1,HYPERION,2005-04-17,2005 107 15:32:53,2005 107 15:37:12,1101,3331,-47,-67.185166,-62.416815,-27.396,0.009549,100.247293,0.026367,100.331311,-0.864154,100.436223,-0.847304,100.519968,WGS84,WGS84,30.0,UTM,SRTM-2,40,80,Y,Y,N,INDONESIA,1101x3331
510,INDONESIA,EO1H0031832005127110KF,L1GST,EO1,HYPERION,2005-05-07,2005 127 15:08:22,2005 127 15:12:41,1031,3261,-47,-60.578831,-55.804218,21.261,-0.729508,100.600767,-0.713748,100.680729,-1.58834,100.781428,-1.573354,100.86113,WGS84,WGS84,30.0,UTM,SRTM-2,40,80,Y,Y,N,INDONESIA,1031x3261
511,INDONESIA,EO1H0041862013359110PF,L1GST,EO1,HYPERION,2013-12-25,2013 359 14:54:46,2013 359 14:59:05,941,3241,47,-122.521031,-48.587885,-6.9764,3.559749,98.280098,3.572279,98.346733,2.69953,98.457809,2.711768,98.524127,WGS84,WGS84,30.0,UTM,SRTM-2,40,80,Y,Y,N,INDONESIA,941x3241
512,INDONESIA,EO1H1010652003199110PY,L1GST,EO1,HYPERION,2003-07-18,2003 199 00:39:40,2003 199 00:40:49,911,3191,-54,47.400293,47.653379,0.3555,-6.665189,139.453093,-6.678413,139.52027,-7.509292,139.272435,-7.522297,139.339719,WGS84,WGS84,30.0,UTM,SRTM-2,40,80,Y,Y,N,INDONESIA,911x3191
513,INDONESIA,EO1H1090592003015110PZ,L1GST,EO1,HYPERION,2003-01-15,2003 015 01:26:49,2003 015 01:27:58,931,3181,52,126.7853,51.874103,-2.0137,1.041532,128.498492,1.028789,128.565023,0.19771,128.319218,0.184689,128.385735,WGS84,WGS84,30.0,UTM,SRTM-2,40,80,Y,Y,N,INDONESIA,931x3181
514,INDONESIA,EO1H1090602004002110PZ,L1GST,EO1,HYPERION,2004-01-02,2004 002 01:27:19,2004 002 01:28:27,881,2961,52,130.377292,52.092467,-2.1465,0.997827,128.447542,0.985086,128.514068,0.214534,128.281206,0.201786,128.347987,WGS84,WGS84,30.0,UTM,SRTM-2,40,80,Y,Y,N,INDONESIA,881x2961
515,INDONESIA,EO1H1110662012152110PF,L1GST,EO1,HYPERION,2012-05-31,2012 152 01:32:15,2012 152 01:36:33,941,3321,-51,45.045464,46.48838,5.4163,-7.985027,124.199634,-7.997578,124.265466,-8.866774,124.014873,-8.879337,124.080856,WGS84,WGS84,30.0,UTM,SRTM-2,40,80,Y,Y,N,INDONESIA,941x3321
516,INDONESIA,EO1H1120662006147110PW,L1GST,EO1,HYPERION,2006-05-27,2006 147 01:50:19,2006 147 01:51:31,1051,3861,-51,43.877556,48.090872,1.9381,-8.19116,121.873325,-8.203817,121.939401,-9.219204,121.65338,-9.231921,121.71962,WGS84,WGS84,30.0,UTM,SRTM-2,40,80,Y,Y,N,INDONESIA,1051x3861
517,INDONESIA,EO1H1130622004142110PZ,L1GST,EO1,HYPERION,2004-05-21,2004 142 01:53:22,2004 142 01:54:32,1011,3631,-51,49.375022,53.230555,0.6029,-2.565101,121.802422,-2.577912,121.868989,-3.53029,121.597405,-3.543138,121.664019,WGS84,WGS84,30.0,UTM,SRTM-2,40,80,Y,Y,N,INDONESIA,1011x3631
518,INDONESIA,EO1H1160662011265110KF,L1GST,EO1,HYPERION,2011-09-22,2011 265 01:59:38,2011 265 02:03:57,1051,3331,-50,76.324352,56.502864,-22.171,-7.788202,115.42997,-7.803944,115.508448,-8.665722,115.236429,-8.681261,115.314787,WGS84,WGS84,30.0,UTM,SRTM-2,40,80,Y,Y,N,INDONESIA,1051x3331
519,INDONESIA,EO1H1160662012046110KW,L1GST,EO1,HYPERION,2012-02-15,2012 046 02:11:44,2012 046 02:16:03,1001,3541,-50,100.81558,56.289918,15.336,-7.795381,116.134235,-7.808812,116.204878,-8.736145,115.938751,-8.749629,116.010093,WGS84,WGS84,30.0,UTM,SRTM-2,40,80,Y,Y,N,INDONESIA,1001x3541
520,INDONESIA,EO1H1160662014283110KF,L1GST,EO1,HYPERION,2014-10-10,2014 283 01:24:31,2014 283 01:28:51,971,3471,-50,90.17139,50.553737,6.7279,-7.806648,115.429883,-7.819095,115.496685,-8.729192,115.237218,-8.74143,115.304431,WGS84,WGS84,30.0,UTM,SRTM-2,40,80,Y,Y,N,INDONESIA,971x3471
521,INDONESIA,EO1H1170652003215110PZ,L1GST,EO1,HYPERION,2003-08-03,2003 215 02:18:39,2003 215 02:19:48,971,3181,-49,51.588023,48.678592,-5.1237,-7.424901,113.963723,-7.43799,114.031348,-8.267995,113.781617,-8.281065,113.849394,WGS84,WGS84,30.0,UTM,SRTM-2,40,80,Y,Y,N,INDONESIA,971x3181
522,INDONESIA,EO1H1180622003222110PZ,L1GST,EO1,HYPERION,2003-08-10,2003 222 02:23:25,2003 222 02:24:35,971,3411,-50,57.716741,53.777384,1.473,-2.633884,114.20108,-2.64677,114.267567,-3.538718,114.008988,-3.551398,114.076048,WGS84,WGS84,30.0,UTM,SRTM-2,40,80,Y,Y,N,INDONESIA,971x3411
523,INDONESIA,EO1H1180652003254110PX,L1GST,EO1,HYPERION,2003-09-11,2003 254 02:24:23,2003 254 02:25:32,941,3181,-49,69.120568,57.878204,-0.0087,-6.644525,113.173058,-6.658871,113.239842,-7.489319,112.991689,-7.503926,113.058878,WGS84,WGS84,30.0,UTM,SRTM-2,40,80,Y,Y,N,INDONESIA,941x3181
524,INDONESIA,EO1H1180652005161110KF,L1GST,EO1,HYPERION,2005-06-10,2005 161 02:36:26,2005 161 02:40:45,1081,3321,-49,39.904349,48.825946,24.961,-7.792898,112.941919,-7.809309,113.027037,-8.665451,112.763458,-8.681859,112.848772,WGS84,WGS84,30.0,UTM,SRTM-2,40,80,Y,Y,N,INDONESIA,1081x3321
525,INDONESIA,EO1H1180652005311110KF,L1GST,EO1,HYPERION,2005-11-07,2005 311 02:35:12,2005 311 02:39:31,1071,3321,-49,111.505034,65.520907,23.805,-7.69976,112.966232,-7.71564,113.048882,-8.574214,112.785654,-8.59009,112.868493,WGS84,WGS84,30.0,UTM,SRTM-2,40,80,Y,Y,N,INDONESIA,1071x3321
526,INDONESIA,EO1H1190652003213110PY,L1GST,EO1,HYPERION,2003-08-01,2003 213 02:30:51,2003 213 02:32:00,941,3181,-49,51.29542,49.025094,-3.066,-6.770676,111.246537,-6.783659,111.313801,-7.614178,111.065229,-7.627455,111.132885,WGS84,WGS84,30.0,UTM,SRTM-2,40,80,Y,Y,N,INDONESIA,941x3181
527,INDONESIA,EO1H1200652006193110K3,L1GST,EO1,HYPERION,2006-07-12,2006 193 02:39:11,2006 193 02:43:46,1741,7041,-49,44.727655,47.465398,10.384,-6.884837,110.363229,-6.897948,110.432414,-8.773385,109.965102,-8.786862,110.034575,WGS84,WGS84,30.0,UTM,SRTM-2,40,80,Y,Y,N,INDONESIA,1741x7041
528,INDONESIA,EO1H1200652009293110KF,L1GST,EO1,HYPERION,2009-10-20,2009 293 02:24:43,2009 293 02:29:01,1021,3321,-49,97.309159,61.152972,-15.317,-7.270298,110.461933,-7.284485,110.534408,-8.148936,110.270386,-8.162894,110.342184,WGS84,WGS84,30.0,UTM,SRTM-2,40,80,Y,Y,N,INDONESIA,1021x3321
529,INDONESIA,EO1H1210652012177110KZ,L1GST,EO1,HYPERION,2012-06-25,2012 177 02:26:59,2012 177 02:31:35,1911,7111,-48,47.659203,43.434414,-19.201,-6.352569,107.772133,-6.367067,107.847223,-8.258397,107.354966,-8.273398,107.430412,WGS84,WGS84,30.0,UTM,SRTM-2,40,80,Y,Y,N,INDONESIA,1911x7111
530,INDONESIA,EO1H1220642012256110KF,L1GST,EO1,HYPERION,2012-09-12,2012 256 02:44:02,2012 256 02:48:21,1011,3271,-48,70.809089,58.197111,21.638,-6.331427,107.641591,-6.346206,107.718543,-7.194287,107.45699,-7.209311,107.53491,WGS84,WGS84,30.0,UTM,SRTM-2,40,80,Y,Y,N,INDONESIA,1011x3271
531,INDONESIA,EO1H1220642012285110KF,L1GST,EO1,HYPERION,2012-10-11,2012 285 02:50:11,2012 285 02:54:30,1131,3341,-48,92.178246,64.178093,33.506,-6.3524,107.622201,-6.373287,107.723292,-7.226134,107.434081,-7.247524,107.537549,WGS84,WGS84,30.0,UTM,SRTM-2,40,80,Y,Y,N,INDONESIA,1131x3341
532,INDONESIA,EO1H1220652003010110PX,L1GST,EO1,HYPERION,2003-01-10,2003 010 02:49:04,2003 010 02:50:13,951,3181,-48,119.464596,55.664871,3.8384,-6.450044,107.50559,-6.462991,107.572534,-7.293407,107.324738,-7.306607,107.392356,WGS84,WGS84,30.0,UTM,SRTM-2,40,80,Y,Y,N,INDONESIA,951x3181
533,INDONESIA,EO1H1220652003218110PY,L1GST,EO1,HYPERION,2003-08-06,2003 218 02:49:10,2003 218 02:50:21,991,3401,-48,52.986596,50.359562,-0.6564,-6.325634,106.995975,-6.338658,107.062915,-7.229882,106.802172,-7.242626,106.869516,WGS84,WGS84,30.0,UTM,SRTM-2,40,80,Y,Y,N,INDONESIA,991x3401
534,INDONESIA,EO1H1220652003250110PX,L1GST,EO1,HYPERION,2003-09-07,2003 250 02:49:05,2003 250 02:50:14,951,3181,-48,66.67455,57.495692,4.0144,-6.478908,107.480253,-6.491856,107.547472,-7.322005,107.300172,-7.335208,107.367795,WGS84,WGS84,30.0,UTM,SRTM-2,40,80,Y,Y,N,INDONESIA,951x3181
535,INDONESIA,EO1H1240632003200110PZ,L1GST,EO1,HYPERION,2003-07-19,2003 200 03:01:00,2003 200 03:02:09,921,3181,-48,49.701847,50.129129,1.6117,-3.716664,104.689609,-3.729709,104.756533,-4.559543,104.51017,-4.572608,104.577159,WGS84,WGS84,30.0,UTM,SRTM-2,40,80,Y,Y,N,INDONESIA,921x3181
536,INDONESIA,EO1H1250632003159110PZ,L1GST,EO1,HYPERION,2003-06-08,2003 159 03:07:15,2003 159 03:08:24,921,3181,-48,45.790888,50.567418,2.3329,-3.547622,103.262906,-3.560492,103.3295,-4.391147,103.083778,-4.404061,103.150694,WGS84,WGS84,30.0,UTM,SRTM-2,40,80,Y,Y,N,INDONESIA,921x3181
537,INDONESIA,EO1H1280592004087110PZ,L1GST,EO1,HYPERION,2004-03-27,2004 087 03:25:01,2004 087 03:26:10,931,3181,47,86.674522,59.345866,-0.3632,1.655749,99.40163,1.642983,99.467904,0.811939,99.222126,0.798911,99.288651,WGS84,WGS84,30.0,UTM,SRTM-2,40,80,Y,Y,N,INDONESIA,931x3181
538,INDONESIA,EO1H1290582004046110PY,L1GST,EO1,HYPERION,2004-02-15,2004 046 03:30:23,2004 046 03:31:32,941,3191,47,116.85137,53.68938,-2.5461,3.572308,98.066523,3.559352,98.133177,2.7279,97.886928,2.714939,97.953793,WGS84,WGS84,30.0,UTM,SRTM-2,40,80,Y,Y,N,INDONESIA,941x3191
539,INDONESIA,EO1H1300572003290110PZ,L1GST,EO1,HYPERION,2003-10-17,2003 290 03:35:22,2003 290 03:36:31,941,3181,47,117.39098,61.206643,-1.8314,4.624645,96.818072,4.611831,96.88426,3.780706,96.637839,3.767601,96.704483,WGS84,WGS84,30.0,UTM,SRTM-2,40,80,Y,Y,N,INDONESIA,941x3181
540,INDONESIA,EO1H1310562004140110PW,L1GST,EO1,HYPERION,2004-05-19,2004 140 03:42:19,2004 140 03:43:28,911,3181,46,59.168789,59.295932,0.1054,5.72867,95.700111,5.715884,95.767095,4.884893,95.520669,4.8719,95.587313,WGS84,WGS84,30.0,UTM,SRTM-2,40,80,Y,Y,N,INDONESIA,911x3181
541,INDONESIA,EO1H1310572003169110PZ,L1GST,EO1,HYPERION,2003-06-18,2003 169 03:41:55,2003 169 03:43:04,921,3191,46,53.071465,56.264808,2.0783,4.923739,95.776063,4.910721,95.842692,4.078817,95.596751,4.065588,95.663594,WGS84,WGS84,30.0,UTM,SRTM-2,40,80,Y,Y,N,INDONESIA,921x3191
542,INDONESIA,EO1H2181852005113110KF,L1GST,EO1,HYPERION,2005-04-23,2005 113 13:17:41,2005 113 13:22:00,1031,3251,52,-65.401525,-55.282737,24.998,1.574592,127.432364,1.5912,127.516657,0.7162,127.616204,0.733043,127.700487,WGS84,WGS84,30.0,UTM,SRTM-2,40,80,Y,Y,N,INDONESIA,1031x3251
543,INDONESIA,EO1H2181852005136110KF,L1GST,EO1,HYPERION,2005-05-16,2005 136 13:23:55,2005 136 13:28:13,971,3251,52,-53.668175,-54.069193,12.835,1.676321,127.416916,1.689939,127.487473,0.815504,127.599719,0.829091,127.670803,WGS84,WGS84,30.0,UTM,SRTM-2,40,80,Y,Y,N,INDONESIA,971x3251
544,INDONESIA,EO1H2181852005161110KF,L1GST,EO1,HYPERION,2005-06-10,2005 161 13:17:38,2005 161 13:21:57,1031,3241,52,-50.407408,-50.273041,24.923,1.545292,127.435351,1.56217,127.520182,0.688795,127.618369,0.705638,127.703728,WGS84,WGS84,30.0,UTM,SRTM-2,40,80,Y,Y,N,INDONESIA,1031x3241
545,INDONESIA,EO1H2181852005175110PF,L1GST,EO1,HYPERION,2005-06-24,2005 175 13:29:48,2005 175 13:34:07,931,3251,52,-47.860484,-51.615413,-0.2066,1.752003,127.400138,1.764807,127.466654,0.891472,127.582703,0.904246,127.649207,WGS84,WGS84,30.0,UTM,SRTM-2,40,80,Y,Y,N,INDONESIA,931x3251
546,INDONESIA,EO1H2201852005061110PZ,L1GST,EO1,HYPERION,2005-03-02,2005 061 13:44:06,2005 061 13:45:16,981,3401,51,-101.222133,-57.420324,-3.0711,1.587855,124.605566,1.60082,124.672368,0.683773,124.797295,0.696493,124.864333,WGS84,WGS84,30.0,UTM,SRTM-2,40,80,Y,Y,N,INDONESIA,981x3401
547,INDONESIA,EO1H2201852005134110KF,L1GST,EO1,HYPERION,2005-05-14,2005 134 13:36:11,2005 134 13:40:30,961,3241,51,-54.450312,-54.74296,10.676,1.374846,124.650163,1.388087,124.719378,0.517193,124.831472,0.530732,124.900927,WGS84,WGS84,30.0,UTM,SRTM-2,40,80,Y,Y,N,INDONESIA,961x3241
548,INDONESIA,EO1H2291782003304110KZ,L1GST,EO1,HYPERION,2003-10-31,2003 304 14:29:40,2003 304 14:30:50,981,3411,-49,-131.229519,-56.365872,9.3415,-7.743814,112.816794,-7.730497,112.886278,-8.647961,113.009033,-8.634575,113.078925,WGS84,WGS84,30.0,UTM,SRTM-2,40,80,Y,Y,N,INDONESIA,981x3411
549,INDONESIA,EO1H2291782005067110KY,L1GST,EO1,HYPERION,2005-03-08,2005 067 14:43:19,2005 067 14:44:29,1061,3421,-49,-112.775537,-58.58231,-17.019,-7.563347,112.773615,-7.548393,112.848503,-8.46563,112.972934,-8.450603,113.047964,WGS84,WGS84,30.0,UTM,SRTM-2,40,80,Y,Y,N,INDONESIA,1061x3421
550,INDONESIA,EO1H2291782010124110KF,L1GST,EO1,HYPERION,2010-05-04,2010 124 14:43:24,2010 124 14:47:43,1081,3491,-49,-69.561502,-63.820427,-22.312,-7.548242,112.188253,-7.532562,112.266708,-8.471927,112.39239,-8.456181,112.471003,WGS84,WGS84,30.0,UTM,SRTM-2,40,80,Y,Y,N,INDONESIA,1081x3491
551,KENYA,EO1H1670612004184110PZ,L1GST,EO1,HYPERION,2004-07-02,2004 184 07:26:27,2004 184 07:27:36,921,3181,-37,49.033201,51.433595,-0.8358,-0.824504,38.588307,-0.837262,38.654561,-1.668281,38.409286,-1.681323,38.475827,WGS84,WGS84,30.0,UTM,SRTM-2,40,80,Y,Y,N,KENYA,921x3181
552,KENYA,EO1H1680592007141110KY,L1GST,EO1,HYPERION,2007-05-21,2007 141 07:20:40,2007 141 07:25:17,1891,7301,37,55.049509,53.95114,-18.215,1.54927,37.709597,1.535476,37.782368,-0.407901,37.301393,-0.422022,37.373307,WGS84,WGS84,30.0,UTM,SRTM-2,40,80,Y,Y,N,KENYA,1891x7301
553,KENYA,EO1H1680592009270110KF,L1GST,EO1,HYPERION,2009-09-27,2009 270 07:24:57,2009 270 07:29:16,971,3301,37,94.30165,61.294412,-8.0975,0.895477,37.42044,0.882757,37.486952,0.019121,37.237031,0.006103,37.304869,WGS84,WGS84,30.0,UTM,SRTM-2,40,80,Y,Y,N,KENYA,971x3301
554,KENYA,EO1H1680592009273110KF,L1GST,EO1,HYPERION,2009-09-30,2009 273 07:40:58,2009 273 07:45:17,1111,3331,37,97.849897,65.412855,25.865,0.910936,37.404807,0.892258,37.49045,0.034854,37.214923,0.016955,37.296232,WGS84,WGS84,30.0,UTM,SRTM-2,40,80,Y,Y,N,KENYA,1111x3331
555,KENYA,EO1H1690582010150110KF,L1GST,EO1,HYPERION,2010-05-30,2010 150 07:29:18,2010 150 07:33:36,971,3301,37,53.880257,55.183099,-6.4845,2.920042,36.796697,2.907426,36.862743,2.043753,36.612346,2.030838,36.679412,WGS84,WGS84,30.0,UTM,SRTM-2,40,80,Y,Y,N,KENYA,971x3301
556,KENYA,EO1H1690582011010110KF,L1GST,EO1,HYPERION,2011-01-10,2011 010 07:42:20,2011 010 07:46:38,991,3261,37,131.629956,52.531428,19.094,2.644549,36.408107,2.630611,36.484091,1.783686,36.224958,1.768621,36.300611,WGS84,WGS84,30.0,UTM,SRTM-2,40,80,Y,Y,N,KENYA,991x3261
557,KENYA,EO1H1690592013139110KF,L1GST,EO1,HYPERION,2013-05-19,2013 139 07:09:49,2013 139 07:14:08,971,3371,37,59.345584,51.738806,-7.2374,2.250806,36.697558,2.238166,36.76356,1.356208,36.511076,1.343805,36.5773,WGS84,WGS84,30.0,UTM,SRTM-2,40,80,Y,Y,N,KENYA,971x3371
558,KENYA,EO1H1690592013155110PF,L1GST,EO1,HYPERION,2013-06-04,2013 155 07:16:12,2013 155 07:20:32,1031,3601,37,54.745571,51.513473,9.0763,2.220418,36.688706,2.207777,36.75471,1.264262,36.487997,1.252126,36.553412,WGS84,WGS84,30.0,UTM,SRTM-2,40,80,Y,Y,N,KENYA,1031x3601
559,KENYA,EO1H1690602002272110PZ,L1GST,EO1,HYPERION,2002-09-29,2002 272 07:37:22,2002 272 07:38:30,891,2971,-37,93.462784,63.212741,6.8701,-0.467953,36.439316,-0.480988,36.506573,-1.251676,36.274389,-1.265026,36.342179,WGS84,WGS84,30.0,UTM,SRTM-2,40,80,Y,Y,N,KENYA,891x2971
560,KENYA,EO1H1690602004182110PY,L1GST,EO1,HYPERION,2004-06-30,2004 182 07:38:30,2004 182 07:39:39,931,3181,-37,49.381175,52.529522,2.3897,0.264609,36.094937,0.251616,36.161377,-0.579137,35.915427,-0.592179,35.981849,WGS84,WGS84,30.0,UTM,SRTM-2,40,80,Y,Y,N,KENYA,931x3181
561,KENYA,EO1H1690602010078110KF,L1GST,EO1,HYPERION,2010-03-19,2010 078 07:38:16,2010 078 07:42:35,971,3311,36,91.032787,59.095185,10.033,0.490176,36.021509,0.477411,36.088203,-0.386166,35.833991,-0.399151,35.900974,WGS84,WGS84,30.0,UTM,SRTM-2,40,80,Y,Y,N,KENYA,971x3311
562,KENYA,EO1H1700572003122110PZ,L1GST,EO1,HYPERION,2003-05-02,2003 122 07:43:08,2003 122 07:44:17,921,3191,36,65.784543,60.619231,5.0233,4.625775,35.78702,4.6125,35.854162,3.782172,35.606899,3.768957,35.673991,WGS84,WGS84,30.0,UTM,SRTM-2,40,80,Y,Y,N,KENYA,921x3191
563,KENYA,EO1H1700572003186110PZ,L1GST,EO1,HYPERION,2003-07-05,2003 186 07:42:56,2003 186 07:44:05,921,3181,36,54.17715,55.916788,4.9629,4.679138,35.796958,4.666129,35.864374,3.835283,35.616777,3.822335,35.684142,WGS84,WGS84,30.0,UTM,SRTM-2,40,80,Y,Y,N,KENYA,921x3181
564,KENYA,EO1H1700602014305110KF,L1GST,EO1,HYPERION,2014-11-01,2014 305 06:37:15,2014 305 06:41:33,1001,3281,-36,110.758229,46.602087,-22.746,0.069505,34.549792,0.054585,34.628407,-0.794991,34.369259,-0.810154,34.447624,WGS84,WGS84,30.0,UTM,SRTM-2,40,80,Y,Y,N,KENYA,1001x3281
565,MEXICO,EO1H0260472015060110KF,L1GST,EO1,HYPERION,2015-03-01,2015 060 15:35:55,2015 060 15:40:14,961,3251,14,115.306608,36.451862,-12.387,19.522946,-98.545606,19.510285,-98.473953,18.662762,-98.733793,18.650178,-98.661923,WGS84,WGS84,30.0,UTM,SRTM-2,40,80,Y,Y,N,MEXICO,961x3251
566,MEXICO,EO1H0260472015214110KF,L1GST,EO1,HYPERION,2015-08-02,2015 214 15:17:14,2015 214 15:21:32,1011,3291,14,82.998987,42.366596,-22.303,19.525131,-98.551595,19.51136,-98.470514,18.6587,-98.737215,18.644744,-98.6554,WGS84,WGS84,30.0,UTM,SRTM-2,40,80,Y,Y,N,MEXICO,1011x3291
567,MEXICO,EO1H0260472015217110PF,L1GST,EO1,HYPERION,2015-08-05,2015 217 15:27:22,2015 217 15:31:41,941,3321,14,84.685359,44.67172,-0.7879,19.52133,-98.549623,19.509224,-98.481968,18.642173,-98.746052,18.629873,-98.678737,WGS84,WGS84,30.0,UTM,SRTM-2,40,80,Y,Y,N,MEXICO,941x3321
568,MEXICO,EO1H0260472015279110KF,L1GST,EO1,HYPERION,2015-10-06,2015 279 15:09:06,2015 279 15:13:24,1041,3351,14,112.248239,37.059053,-25.743,19.47855,-98.572299,19.463959,-98.485243,18.598806,-98.758348,18.584034,-98.669458,WGS84,WGS84,30.0,UTM,SRTM-2,40,80,Y,Y,N,MEXICO,1041x3351
569,MEXICO,EO1H0260472015336110KF,L1GST,EO1,HYPERION,2015-12-02,2015 336 15:03:59,2015 336 15:08:18,1031,3351,14,127.921371,26.703709,-24.968,19.39427,-98.587951,19.379965,-98.503507,18.512875,-98.775522,18.498116,-98.689798,WGS84,WGS84,30.0,UTM,SRTM-2,40,80,Y,Y,N,MEXICO,1031x3351
570,MEXICO,EO1H0260472015339110KF,L1GST,EO1,HYPERION,2015-12-05,2015 339 15:13:52,2015 339 15:18:11,941,3321,14,129.664794,28.062693,-4.5435,19.405082,-98.573944,19.392985,-98.50605,18.52507,-98.768964,18.512777,-98.700841,WGS84,WGS84,30.0,UTM,SRTM-2,40,80,Y,Y,N,MEXICO,941x3321
571,MEXICO,EO1H0260472015355110KF,L1GST,EO1,HYPERION,2015-12-21,2015 355 15:01:42,2015 355 15:06:01,1031,3281,14,127.617907,23.781032,-25.367,19.418125,-98.586458,19.403544,-98.500575,18.555438,-98.770633,18.540946,-98.683468,WGS84,WGS84,30.0,UTM,SRTM-2,40,80,Y,Y,N,MEXICO,1031x3281
572,MEXICO,EO1H0260472016039110KF,L1GST,EO1,HYPERION,2016-02-08,2016 039 14:59:44,2016 039 15:04:03,1001,3341,14,117.352036,24.653248,-19.896,19.476105,-98.570314,19.462623,-98.492396,18.5942,-98.760627,18.581073,-98.681965,WGS84,WGS84,30.0,UTM,SRTM-2,40,80,Y,Y,N,MEXICO,1001x3341
573,MEXICO,EO1H0260472016042110PF,L1GST,EO1,HYPERION,2016-02-11,2016 042 15:09:28,2016 042 15:13:47,931,3261,14,117.726117,27.170039,1.3049,19.48339,-98.556016,19.471288,-98.488662,18.619944,-98.748645,18.607644,-98.681339,WGS84,WGS84,30.0,UTM,SRTM-2,40,80,Y,Y,N,MEXICO,931x3261
574,MEXICO,EO1H0260472016050110KF,L1GST,EO1,HYPERION,2016-02-19,2016 050 15:03:00,2016 050 15:07:19,951,3281,14,114.262604,27.203804,-10.881,19.537302,-98.540421,19.524914,-98.470189,18.671162,-98.729511,18.658849,-98.659059,WGS84,WGS84,30.0,UTM,SRTM-2,40,80,Y,Y,N,MEXICO,951x3281
575,MEXICO,EO1H0260472016216110KF,L1GST,EO1,HYPERION,2016-08-03,2016 216 14:43:26,2016 216 14:47:45,961,3251,14,81.702626,34.411784,-13.141,19.551693,-98.549243,19.53903,-98.476434,18.691779,-98.737161,18.679195,-98.664427,WGS84,WGS84,30.0,UTM,SRTM-2,40,80,Y,Y,N,MEXICO,961x3251
576,MEXICO,EO1H0260472016254110KF,L1GST,EO1,HYPERION,2016-09-10,2016 254 14:34:09,2016 254 14:38:28,1011,3281,14,96.149005,31.019049,-22.585,19.356283,-98.595818,19.340808,-98.512009,18.564924,-98.758079,18.549463,-98.674678,WGS84,WGS84,30.0,UTM,SRTM-2,40,80,Y,Y,N,MEXICO,1011x3281
577,MEXICO,EO1H0260472016287110PF,L1GST,EO1,HYPERION,2016-10-13,2016 287 14:40:56,2016 287 14:45:15,921,3251,14,111.687264,29.981559,-0.7848,19.429733,-98.565308,19.417907,-98.498547,18.567896,-98.756966,18.556142,-98.68968,WGS84,WGS84,30.0,UTM,SRTM-2,40,80,Y,Y,N,MEXICO,921x3251
578,MEXICO,EO1H0260472016306110KF,L1GST,EO1,HYPERION,2016-11-01,2016 306 14:35:46,2016 306 14:40:04,931,3261,14,117.907771,26.21833,-7.0993,19.458459,-98.560655,19.446356,-98.492455,18.593105,-98.751528,18.581345,-98.682527,WGS84,WGS84,30.0,UTM,SRTM-2,40,80,Y,Y,N,MEXICO,931x3261
579,MEXICO,EO1H0260472016328110PF,L1GST,EO1,HYPERION,2016-11-23,2016 328 14:39:52,2016 328 14:44:10,981,3311,14,123.523112,23.419102,7.6855,19.443286,-98.564411,19.430367,-98.494503,18.567629,-98.760951,18.554517,-98.691391,WGS84,WGS84,30.0,UTM,SRTM-2,40,80,Y,Y,N,MEXICO,981x3311
580,MEXICO,EO1H0260472016333110KF,L1GST,EO1,HYPERION,2016-11-28,2016 333 14:23:08,2016 333 14:27:26,1031,3331,14,121.954718,19.304745,-25.25,19.291463,-98.61077,19.275367,-98.522295,18.502296,-98.771229,18.486192,-98.683164,WGS84,WGS84,30.0,UTM,SRTM-2,40,80,Y,Y,N,MEXICO,1031x3331
581,MEXICO,EO1H0260472016358110PF,L1GST,EO1,HYPERION,2016-12-23,2016 358 14:36:24,2016 358 14:40:44,1011,3481,14,123.935898,18.54267,6.6886,19.489157,-98.731245,19.476575,-98.662443,18.567771,-98.938075,18.554724,-98.868498,WGS84,WGS84,30.0,UTM,SRTM-2,40,80,Y,Y,N,MEXICO,1011x3481
582,MEXICO,EO1H0260472016363110KF,L1GST,EO1,HYPERION,2016-12-28,2016 363 14:19:37,2016 363 14:23:55,1031,3291,14,121.531717,14.956646,-25.02,19.409448,-98.585909,19.39514,-98.500601,18.543507,-98.769797,18.529016,-98.683206,WGS84,WGS84,30.0,UTM,SRTM-2,40,80,Y,Y,N,MEXICO,1031x3291
583,MEXICO,EO1H0260472017011110PF,L1GST,EO1,HYPERION,2017-01-11,2017 011 14:30:48,2017 011 14:35:07,921,3241,14,120.737162,16.674954,1.2606,19.458189,-98.561229,19.445817,-98.493602,18.597716,-98.752657,18.585417,-98.685076,WGS84,WGS84,30.0,UTM,SRTM-2,40,80,Y,Y,N,MEXICO,921x3241
584,MEXICO,EO1H0260472017052110PF,L1GST,EO1,HYPERION,2017-02-21,2017 052 14:28:20,2017 052 14:32:39,981,3331,14,109.154451,20.106475,7.2091,19.504531,-98.553671,19.491882,-98.485165,18.623744,-98.751773,18.611443,-98.683041,WGS84,WGS84,30.0,UTM,SRTM-2,40,80,Y,Y,N,MEXICO,981x3331
585,MEXICO,EO1H0260472017068110KF,L1GST,EO1,HYPERION,2017-03-09,2017 068 14:12:58,2017 068 14:17:16,1001,3351,14,101.956313,19.714441,-20.805,19.534883,-98.54871,19.521386,-98.468767,18.651921,-98.737222,18.638237,-98.65598,WGS84,WGS84,30.0,UTM,SRTM-2,40,80,Y,Y,N,MEXICO,1001x3351
586,MEXICO,EO1H0290462016032110KF,L1GST,EO1,HYPERION,2016-02-01,2016 032 15:41:51,2016 032 15:46:09,1101,3281,13,122.779226,27.956405,23.62,19.981779,-103.556532,19.965111,-103.475061,19.119168,-103.761634,19.102335,-103.679139,WGS84,WGS84,30.0,UTM,SRTM-2,40,80,Y,Y,N,MEXICO,1101x3281
587,MEXICO,EO1H0290462016059110KF,L1GST,EO1,HYPERION,2016-02-28,2016 059 15:32:14,2016 059 15:36:33,981,3321,13,112.61051,30.85974,10.632,20.053423,-103.534662,20.040096,-103.46488,19.175383,-103.73667,19.162158,-103.667524,WGS84,WGS84,30.0,UTM,SRTM-2,40,80,Y,Y,N,MEXICO,981x3321
588,MEXICO,EO1H0290462016334110PF,L1GST,EO1,HYPERION,2016-11-29,2016 334 14:58:45,2016 334 15:03:04,951,3311,13,124.284495,21.944902,6.2455,19.837934,-103.576764,19.823443,-103.506401,19.050502,-103.755888,19.036071,-103.685847,WGS84,WGS84,30.0,UTM,SRTM-2,40,80,Y,Y,N,MEXICO,951x3311
589,MEXICO,EO1H0290462017009110KF,L1GST,EO1,HYPERION,2017-01-09,2017 009 14:57:05,2017 009 15:01:24,991,3271,13,121.9846,17.705315,13.456,19.943888,-103.563187,19.930014,-103.491164,19.080413,-103.762767,19.066635,-103.690529,WGS84,WGS84,30.0,UTM,SRTM-2,40,80,Y,Y,N,MEXICO,991x3271
590,MEXICO,EO1H0290462017025110KF,L1GST,EO1,HYPERION,2017-01-25,2017 025 14:42:06,2017 025 14:46:25,951,3331,13,116.636831,14.960323,-15.665,19.880941,-103.74552,19.866756,-103.670471,19.028797,-103.924921,19.014639,-103.850273,WGS84,WGS84,30.0,UTM,SRTM-2,40,80,Y,Y,N,MEXICO,951x3331
591,MEXICO,EO1H0350382015162110KF,L1GST,EO1,HYPERION,2015-06-11,2015 162 16:37:02,2015 162 16:41:21,1111,3251,12,93.745735,54.288263,24.371,32.028747,-109.097034,32.009717,-109.002879,31.179569,-109.350726,31.160195,-109.256105,WGS84,WGS84,30.0,UTM,SRTM-2,40,80,Y,Y,N,MEXICO,1111x3251
592,MEXICO,EO1H0350402016049110K2,L1GST,EO1,HYPERION,2016-02-18,2016 049 16:02:36,2016 049 16:06:55,1001,3551,12,120.578947,24.966216,0.7926,29.212965,-110.451829,29.200194,-110.378525,28.273541,-110.6859,28.261172,-110.613215,WGS84,WGS84,30.0,UTM,SRTM-2,40,80,Y,Y,N,MEXICO,1001x3551
593,MEXICO,EO1H0350402016079110K2,L1GST,EO1,HYPERION,2016-03-19,2016 079 16:02:19,2016 079 16:06:39,1011,3461,12,111.264549,33.126116,6.7804,29.260825,-110.436136,29.2475,-110.362185,28.342292,-110.671619,28.328829,-110.597976,WGS84,WGS84,30.0,UTM,SRTM-2,40,80,Y,Y,N,MEXICO,1011x3461
594,MEXICO,EO1H1291972014344110K2,L1GST,EO1,HYPERION,2014-12-10,2014 344 03:25:42,2014 344 03:30:22,1961,7931,14,-103.095327,-48.186407,1.0717,20.317286,-98.913837,20.329707,-98.844891,18.185443,-98.433217,18.1977,-98.364843,WGS84,WGS84,30.0,UTM,SRTM-2,40,80,Y,Y,N,MEXICO,1961x7931
595,MEXICO,EO1H1291972014347110KF,L1GST,EO1,HYPERION,2014-12-13,2014 347 03:36:55,2014 347 03:41:14,1021,3271,14,-103.545301,-50.437093,-22.089,19.42303,-98.745441,19.437261,-98.663193,18.56238,-98.555886,18.576536,-98.474047,WGS84,WGS84,30.0,UTM,SRTM-2,40,80,Y,Y,N,MEXICO,1021x3271
596,MEXICO,EO1H1291972014355110K1,L1GST,EO1,HYPERION,2014-12-21,2014 355 03:33:53,2014 355 03:38:34,1991,8201,14,-103.885233,-48.89796,-18.13,20.300738,-98.891726,20.314495,-98.81273,18.101898,-98.422424,18.115209,-98.345858,WGS84,WGS84,30.0,UTM,SRTM-2,40,80,Y,Y,N,MEXICO,1991x8201
597,MEXICO,EO1H1291972015022110K2,L1GST,EO1,HYPERION,2015-01-22,2015 022 03:20:52,2015 022 03:25:32,2001,8021,14,-99.520603,-42.382772,3.9834,20.314305,-98.915276,20.326727,-98.846905,18.158576,-98.425362,18.170835,-98.358131,WGS84,WGS84,30.0,UTM,SRTM-2,40,80,Y,Y,N,MEXICO,2001x8021
598,MEXICO,EO1H1291972015025110K1,L1GST,EO1,HYPERION,2015-01-25,2015 025 03:31:43,2015 025 03:36:24,2011,8281,14,-98.037183,-44.651107,-19.687,20.357399,-98.89715,20.371158,-98.817551,18.13662,-98.427698,18.150467,-98.348847,WGS84,WGS84,30.0,UTM,SRTM-2,40,80,Y,Y,N,MEXICO,2011x8281
599,MEXICO,EO1H1291972015347110K1,L1GST,EO1,HYPERION,2015-12-13,2015 347 02:59:59,2015 347 03:04:40,1991,8221,14,-104.052024,-42.027319,-14.78,20.419491,-98.921262,20.432722,-98.845658,18.215581,-98.447587,18.228371,-98.374945,WGS84,WGS84,30.0,UTM,SRTM-2,40,80,Y,Y,N,MEXICO,1991x8221
600,MEXICO,EO1H1321972014361110KF,L1GST,EO1,HYPERION,2014-12-27,2014 361 03:56:23,2014 361 04:00:42,1051,3331,13,-103.530965,-48.841287,-23.713,19.830572,-103.739023,19.845127,-103.654198,18.953627,-103.549085,18.967856,-103.46528,WGS84,WGS84,30.0,UTM,SRTM-2,40,80,Y,Y,N,MEXICO,1051x3331
601,MEXICO,EO1H1321972015031110KF,L1GST,EO1,HYPERION,2015-01-31,2015 031 03:53:53,2015 031 03:58:11,1061,3351,13,-95.605837,-44.671327,-24.562,19.880183,-103.740065,19.894739,-103.655498,18.999445,-103.550112,19.014205,-103.465139,WGS84,WGS84,30.0,UTM,SRTM-2,40,80,Y,Y,N,MEXICO,1061x3351
602,MEXICO,EO1H1321972015093110KF,L1GST,EO1,HYPERION,2015-04-03,2015 093 03:47:58,2015 093 03:52:19,1041,3271,13,-66.840502,-37.709198,-23.018,19.776493,-103.719406,19.790513,-103.636616,18.915009,-103.532897,18.92898,-103.45139,WGS84,WGS84,30.0,UTM,SRTM-2,40,80,Y,Y,N,MEXICO,1041x3271
603,MEXICO,EO1H1321972015120110KF,L1GST,EO1,HYPERION,2015-04-30,2015 120 03:45:03,2015 120 03:49:22,1051,3391,13,-56.452684,-33.195696,-22.207,19.865247,-103.736167,19.879279,-103.65419,18.972005,-103.542089,18.985982,-103.461123,WGS84,WGS84,30.0,UTM,SRTM-2,40,80,Y,Y,N,MEXICO,1051x3391
604,MEXICO,EO1H1321972015147110KF,L1GST,EO1,HYPERION,2015-05-27,2015 147 03:40:56,2015 147 03:45:14,1011,3281,13,-50.996354,-28.51857,-18.9,19.819644,-103.726789,19.833427,-103.648274,18.955166,-103.537963,18.968363,-103.461,WGS84,WGS84,30.0,UTM,SRTM-2,40,80,Y,Y,N,MEXICO,1011x3281
605,MEXICO,EO1H1321972015166110KF,L1GST,EO1,HYPERION,2015-06-15,2015 166 03:41:11,2015 166 03:45:30,1041,3271,13,-49.661605,-26.701939,-22.406,19.811523,-103.72829,19.825812,-103.644908,18.950574,-103.539995,18.964544,-103.458186,WGS84,WGS84,30.0,UTM,SRTM-2,40,80,Y,Y,N,MEXICO,1041x3271
606,MEXICO,EO1H1321972015204110KF,L1GST,EO1,HYPERION,2015-07-23,2015 204 03:40:49,2015 204 03:45:08,1091,3321,13,-53.490629,-27.368754,-27.607,19.931753,-103.754502,19.948883,-103.661182,19.085557,-103.579501,19.102744,-103.486631,WGS84,WGS84,30.0,UTM,SRTM-2,40,80,Y,Y,N,MEXICO,1091x3321
607,MEXICO,EO1H1321972015206110KF,L1GST,EO1,HYPERION,2015-07-25,2015 206 03:15:13,2015 206 03:19:32,1141,3321,13,-57.606471,-22.613971,23.094,19.88697,-103.741439,19.903425,-103.657134,19.012892,-103.536597,19.029554,-103.453017,WGS84,WGS84,30.0,UTM,SRTM-2,40,80,Y,Y,N,MEXICO,1141x3321
608,MEXICO,EO1H1321972015212110KF,L1GST,EO1,HYPERION,2015-07-31,2015 212 03:35:30,2015 212 03:39:49,1001,3261,13,-55.949093,-27.407229,-19.606,19.887474,-103.740692,19.902653,-103.660691,19.097927,-103.574764,19.113095,-103.495144,WGS84,WGS84,30.0,UTM,SRTM-2,40,80,Y,Y,N,MEXICO,1001x3261
609,MEXICO,EO1H1321972015250110KF,L1GST,EO1,HYPERION,2015-09-07,2015 250 03:34:00,2015 250 03:38:19,1021,3271,13,-66.961371,-35.214935,-23.574,19.934754,-103.752816,19.948792,-103.670806,19.0725,-103.56801,19.086742,-103.485286,WGS84,WGS84,30.0,UTM,SRTM-2,40,80,Y,Y,N,MEXICO,1021x3271
610,MEXICO,EO1H1321972015269110KF,L1GST,EO1,HYPERION,2015-09-26,2015 269 03:32:57,2015 269 03:37:16,1041,3291,13,-74.330941,-39.783564,-24.732,19.947799,-103.757587,19.962361,-103.672987,19.085003,-103.572461,19.099501,-103.487734,WGS84,WGS84,30.0,UTM,SRTM-2,40,80,Y,Y,N,MEXICO,1041x3291
611,MEXICO,EO1H1321972015326110KF,L1GST,EO1,HYPERION,2015-11-22,2015 326 03:28:27,2015 326 03:32:45,1061,3331,13,-98.981361,-45.5042,-26.463,20.001008,-103.769499,20.015821,-103.681716,19.124917,-103.581243,19.139937,-103.49364,WGS84,WGS84,30.0,UTM,SRTM-2,40,80,Y,Y,N,MEXICO,1061x3331
612,MEXICO,EO1H1321972015353110KF,L1GST,EO1,HYPERION,2015-12-19,2015 353 03:20:12,2015 353 03:24:31,1051,3551,13,-104.358657,-41.508683,-16.542,19.98982,-103.758974,20.002566,-103.685251,19.048813,-103.554541,19.061762,-103.479812,WGS84,WGS84,30.0,UTM,SRTM-2,40,80,Y,Y,N,MEXICO,1051x3551
613,MEXICO,EO1H1321972016037110KF,L1GST,EO1,HYPERION,2016-02-06,2016 037 03:18:13,2016 037 03:22:31,1031,3321,13,-95.76906,-35.787031,-22.151,19.911941,-103.746401,19.925972,-103.663829,19.036101,-103.558061,19.050347,-103.476209,WGS84,WGS84,30.0,UTM,SRTM-2,40,80,Y,Y,N,MEXICO,1031x3321
614,MEXICO,EO1H1321972016056110KF,L1GST,EO1,HYPERION,2016-02-25,2016 056 03:15:05,2016 056 03:19:23,1021,3321,13,-88.355245,-33.547851,-20.033,19.130153,-103.491839,19.114842,-103.572543,19.918741,-103.656227,19.90342,-103.737323,WGS84,WGS84,30.0,UTM,SRTM-2,40,80,Y,Y,N,MEXICO,1021x3321
615,INDIA,EO1H1380452014327110KZ,L1GST,EO1,HYPERION,2014-11-23,2014 327 03:32:21,2014 327 03:36:41,1061,3541,45,138.747357,36.085966,18.073,22.226291,88.403918,22.210976,88.48139,21.29206,88.174142,21.276874,88.251151,WGS84,WGS84,30.0,UTM,SRTM-2,40,80,Y,Y,N,INDIA,1061x3541
616,INDIA,EO1H1380452016318110KW,L1GST,EO1,HYPERION,2016-11-13,2016 318 02:05:58,2016 318 02:10:18,941,3491,45,121.724514,22.692418,-10.724,22.074016,88.494281,22.061692,88.566457,21.15,88.292047,21.137514,88.364078,WGS84,WGS84,30.0,UTM,SRTM-2,40,80,Y,Y,N,INDIA,941x3491
617,INDIA,EO1H1390442012055110KZ,L1GST,EO1,HYPERION,2012-02-24,2012 055 04:26:07,2012 055 04:30:42,1891,7051,45,134.734861,46.739551,12.44,23.444384,86.872671,23.430066,86.946652,21.553832,86.409029,21.539712,86.482053,WGS84,WGS84,30.0,UTM,SRTM-2,40,80,Y,Y,N,INDIA,1891x7051
618,INDIA,EO1H1390442012068110KZ,L1GST,EO1,HYPERION,2012-03-08,2012 068 04:24:31,2012 068 04:29:06,1871,7111,45,129.770914,50.288193,8.0999,23.573944,86.697619,23.560249,86.769633,21.668317,86.235752,21.654809,86.307107,WGS84,WGS84,30.0,UTM,SRTM-2,40,80,Y,Y,N,INDIA,1871x7111
619,INDIA,EO1H1390452012340110KZ,L1GST,EO1,HYPERION,2012-12-05,2012 340 04:16:31,2012 340 04:21:08,1901,7251,45,147.541729,38.929978,6.6057,22.475498,86.348519,22.461952,86.420274,20.530603,85.887201,20.517221,85.958036,WGS84,WGS84,30.0,UTM,SRTM-2,40,80,Y,Y,N,INDIA,1901x7251
620,INDIA,EO1H1390452015365110Kw,L1GST,EO1,HYPERION,2015-12-31,2015 365 02:59:42,2015 365 03:04:02,1051,3471,45,130.313025,25.691157,15.169,21.163598,86.932985,21.148978,87.008335,20.243871,86.713001,20.229343,86.788204,WGS84,WGS84,30.0,UTM,SRTM-2,40,80,Y,Y,N,INDIA,1051x3471
621,INDIA,EO1H1400432014319110PZ,L1GST,EO1,HYPERION,2014-11-15,2014 319 03:34:17,2014 319 03:38:53,1811,7051,45,136.885959,35.37784,-0.174,24.420578,86.236229,24.407914,86.306685,22.527036,85.793713,22.514537,85.863198,WGS84,WGS84,30.0,UTM,SRTM-2,40,80,Y,Y,N,INDIA,1811x7051
622,INDIA,EO1H1400442012042110PZ,L1GST,EO1,HYPERION,2012-02-11,2012 042 04:27:31,2012 042 04:32:06,1901,7061,45,138.776448,42.863806,10.876,23.743968,86.447311,23.729852,86.520327,21.851796,85.983659,21.838133,86.055707,WGS84,WGS84,30.0,UTM,SRTM-2,40,80,Y,Y,N,INDIA,1901x7061
623,INDIA,EO1H1400462013319110PZ,L1GST,EO1,HYPERION,2013-11-15,2013 319 03:59:40,2013 319 04:04:16,1891,7321,45,140.015311,41.482265,-0.6956,20.743866,85.371128,20.731234,85.440649,18.775622,84.92602,18.763095,84.9947,WGS84,WGS84,30.0,UTM,SRTM-2,40,80,Y,Y,N,INDIA,1891x7321
624,INDIA,EO1H1400462013348110KZ,L1GST,EO1,HYPERION,2013-12-14,2013 348 03:54:04,2013 348 03:58:24,1011,3471,45,140.293638,35.556971,-9.6867,20.149141,85.216432,20.136838,85.287088,19.226438,85.013997,19.213911,85.084255,WGS84,WGS84,30.0,UTM,SRTM-2,40,80,Y,Y,N,INDIA,1011x3471
625,INDIA,EO1H1430542015276110PZ,L1GST,EO1,HYPERION,2015-10-03,2015 276 03:32:42,2015 276 03:37:01,961,3481,43,103.193959,42.512856,3.5332,9.041772,77.669042,9.029366,77.734596,8.115923,77.473705,8.103593,77.539397,WGS84,WGS84,30.0,UTM,SRTM-2,40,80,Y,Y,N,INDIA,961x3481
626,INDIA,EO1H1440452011060110PZ,L1GST,EO1,HYPERION,2011-03-01,2011 060 04:53:35,2011 060 04:58:10,1871,7111,44,131.478246,49.242138,4.3768,21.8797,79.800433,21.866645,79.870183,19.970777,79.351947,19.957854,79.420835,WGS84,WGS84,30.0,UTM,SRTM-2,40,80,Y,Y,N,INDIA,1871x7111
627,INDIA,EO1H1440522013338110T3,L1GST,EO1,HYPERION,2013-12-04,2013 338 04:18:54,2013 338 04:23:14,1021,3521,43,133.928631,41.336376,-21.115,12.053307,76.58258,12.037944,76.660112,11.125607,76.391887,11.103806,76.471623,WGS84,WGS84,30.0,UTM,SRTM-2,40,80,Y,Y,N,INDIA,1021x3521
628,INDIA,EO1H1440522015352110T3,L1GST,EO1,HYPERION,2015-12-18,2015 352 03:24:47,2015 352 03:29:06,981,3481,43,125.340782,29.28653,-10.728,12.050272,76.591647,12.037942,76.660384,11.125037,76.398478,11.112229,76.468653,WGS84,WGS84,30.0,UTM,SRTM-2,40,80,Y,Y,N,INDIA,981x3481
629,INDIA,EO1H1440522016036110T2,L1GST,EO1,HYPERION,2016-02-05,2016 036 03:22:56,2016 036 03:27:16,951,3491,43,115.608795,28.37375,-3.6218,12.078434,76.599248,12.06639,76.664964,11.151863,76.404102,11.139343,76.470441,WGS84,WGS84,30.0,UTM,SRTM-2,40,80,Y,Y,N,INDIA,951x3491
630,INDIA,EO1H1440522016044110T3,L1GST,EO1,HYPERION,2016-02-13,2016 044 03:16:31,2016 044 03:20:51,981,3501,43,112.264459,27.82162,-15.845,12.129383,76.605623,12.116487,76.677404,11.201977,76.418074,11.18888,76.49046,WGS84,WGS84,30.0,UTM,SRTM-2,40,80,Y,Y,N,INDIA,981x3501
631,INDIA,EO1H1440522016063110T3,L1GST,EO1,HYPERION,2016-03-03,2016 063 03:13:14,2016 063 03:17:33,991,3501,43,104.790989,29.872272,-18.493,12.065071,76.589515,12.050347,76.664188,11.211954,76.414934,11.197221,76.489383,WGS84,WGS84,30.0,UTM,SRTM-2,40,80,Y,Y,N,INDIA,991x3501
632,INDIA,EO1H1440522016311110T2,L1GST,EO1,HYPERION,2016-11-06,2016 311 02:52:05,2016 311 02:56:24,951,3491,43,115.464897,28.278794,-3.1222,12.00338,76.586959,11.991342,76.652658,11.076244,76.391659,11.064002,76.457709,WGS84,WGS84,30.0,UTM,SRTM-2,40,80,Y,Y,N,INDIA,951x3491
633,INDIA,EO1H1440522017043110T3,L1GST,EO1,HYPERION,2017-02-12,2017 043 02:33:35,2017 043 02:37:55,991,3511,43,108.635489,17.940518,-16.953,11.983428,76.573746,11.969004,76.646862,11.130175,76.39908,11.115745,76.471983,WGS84,WGS84,30.0,UTM,SRTM-2,40,80,Y,Y,N,INDIA,991x3511
634,INDIA,EO1H1450392015157110K2,L1GST,EO1,HYPERION,2015-06-06,2015 157 03:45:53,2015 157 03:50:19,1351,4801,44,89.769459,51.407111,1.577,29.997706,80.254448,29.984574,80.329128,28.717844,79.930079,28.704603,80.004173,WGS84,WGS84,30.0,UTM,SRTM-2,40,80,Y,Y,N,INDIA,1351x4801
635,INDIA,EO1H1450392015298110K2,L1GST,EO1,HYPERION,2015-10-25,2015 298 03:35:46,2015 298 03:40:12,1391,4801,44,129.692444,32.635414,7.6217,29.829328,80.210677,29.815952,80.285861,28.54929,79.879653,28.535805,79.953944,WGS84,WGS84,30.0,UTM,SRTM-2,40,80,Y,Y,N,INDIA,1391x4801
636,INDIA,EO1H1450392016028110K2,L1GST,EO1,HYPERION,2016-01-28,2016 028 03:24:25,2016 028 03:28:51,1381,4851,44,127.18898,21.275832,4.2807,29.882192,80.222689,29.869078,80.297598,28.587305,79.89275,28.574082,79.966756,WGS84,WGS84,30.0,UTM,SRTM-2,40,80,Y,Y,N,INDIA,1381x4851
637,INDIA,EO1H1450392016058110K2,L1GST,EO1,HYPERION,2016-02-27,2016 058 03:24:35,2016 058 03:29:00,1441,4861,44,119.182004,27.71202,11.027,29.986858,80.251109,29.972658,80.328278,28.689276,79.912862,28.675517,79.988787,WGS84,WGS84,30.0,UTM,SRTM-2,40,80,Y,Y,N,INDIA,1441x4861
638,INDIA,EO1H1450392016322110K2,L1GST,EO1,HYPERION,2016-11-17,2016 322 02:49:16,2016 322 02:53:41,1361,4921,44,126.455899,19.542316,0.5857,29.824989,80.209469,29.812148,80.283404,28.510852,79.880983,28.498171,79.954319,WGS84,WGS84,30.0,UTM,SRTM-2,40,80,Y,Y,N,INDIA,1361x4921
639,INDIA,EO1H1450392017057110K2,L1GST,EO1,HYPERION,2017-02-26,2017 057 02:39:33,2017 057 02:43:58,1411,4921,44,111.881698,18.793724,6.5711,29.927476,80.235079,29.914353,80.3094,28.614156,79.898296,28.601202,79.97232,WGS84,WGS84,30.0,UTM,SRTM-2,40,80,Y,Y,N,INDIA,1411x4921
640,INDIA,EO1H1450462015106110KF,L1GST,EO1,HYPERION,2015-04-16,2015 106 04:06:48,2015 106 04:11:07,1001,3331,43,97.921214,49.069668,18.814,20.520522,76.604368,20.504886,76.682075,19.642285,76.393114,19.627041,76.47014,WGS84,WGS84,30.0,UTM,SRTM-2,40,80,Y,Y,N,INDIA,1001x3331
641,INDIA,EO1H1450462016080110KF,L1GST,EO1,HYPERION,2016-03-20,2016 080 03:33:28,2016 080 03:37:46,981,3261,43,105.306029,35.858882,18.041,20.533774,76.607384,20.518962,76.683669,19.674203,76.401688,19.659231,76.477871,WGS84,WGS84,30.0,UTM,SRTM-2,40,80,Y,Y,N,INDIA,981x3261
642,INDIA,EO1H1450462016366110KF,L1GST,EO1,HYPERION,2016-12-31,2016 366 02:59:47,2016 366 03:04:05,991,3331,43,123.993861,18.387912,16.835,20.406939,76.578179,20.392141,76.654694,19.529435,76.369843,19.514754,76.445681,WGS84,WGS84,30.0,UTM,SRTM-2,40,80,Y,Y,N,INDIA,991x3331
643,INDIA,EO1H1450462017030110KF,L1GST,EO1,HYPERION,2017-01-30,2017 030 02:55:56,2017 030 03:00:15,971,3261,43,117.32071,18.267358,16.959,20.445635,76.584614,20.431118,76.659711,19.583838,76.380314,19.569431,76.455034,WGS84,WGS84,30.0,UTM,SRTM-2,40,80,Y,Y,N,INDIA,971x3261
644,INDIA,EO1H1450462017041110KF,L1GST,EO1,HYPERION,2017-02-10,2017 041 02:57:35,2017 041 03:01:54,1011,3211,43,114.319451,19.98846,22.733,20.434845,76.579045,20.418369,76.661013,19.588761,76.374347,19.572676,76.455915,WGS84,WGS84,30.0,UTM,SRTM-2,40,80,Y,Y,N,INDIA,1011x3211
645,INDIA,EO1H1450472016360110KZ,L1GST,EO1,HYPERION,2016-12-25,2016 360 02:41:39,2016 360 02:46:14,1631,7071,43,121.898373,16.934281,-16.362,18.208537,77.01182,18.195272,77.086763,16.31383,76.616837,16.300504,76.691634,WGS84,WGS84,30.0,UTM,SRTM-2,40,80,Y,Y,N,INDIA,1631x7071
646,INDIA,EO1H1450482016300110KF,L1GST,EO1,HYPERION,2016-10-26,2016 300 02:48:27,2016 300 02:52:46,911,3331,43,114.280571,26.735764,-18.175,17.76691,76.888895,17.753702,76.964481,16.88514,76.705809,16.872036,76.78078,WGS84,WGS84,30.0,UTM,SRTM-2,40,80,Y,Y,N,INDIA,911x3331
647,INDIA,EO1H1450482016303110PF,L1GST,EO1,HYPERION,2016-10-29,2016 303 02:57:52,2016 303 03:02:10,911,3331,43,116.49439,28.363357,2.8615,17.721392,76.886993,17.709087,76.953813,16.839707,76.692455,16.82749,76.759545,WGS84,WGS84,30.0,UTM,SRTM-2,40,80,Y,Y,N,INDIA,911x3331
648,INDIA,EO1H1450482016314110KF,L1GST,EO1,HYPERION,2016-11-09,2016 314 02:59:56,2016 314 03:04:15,941,3311,43,120.112161,27.099615,10.278,17.756822,76.895003,17.743672,76.964654,16.879518,76.697312,16.866192,76.766939,WGS84,WGS84,30.0,UTM,SRTM-2,40,80,Y,Y,N,INDIA,941x3311
649,INDIA,EO1H1450482016317110KF,L1GST,EO1,HYPERION,2016-11-12,2016 317 03:09:19,2016 317 03:13:38,1041,3221,43,122.188866,28.515595,28.709,17.731219,76.879759,17.711896,76.971379,16.886179,76.678225,16.867252,76.76975,WGS84,WGS84,30.0,UTM,SRTM-2,40,80,Y,Y,N,INDIA,1041x3221
650,INDIA,EO1H1450502014085110K1,L1GST,EO1,HYPERION,2014-03-26,2014 085 04:32:12,2014 085 04:36:33,1081,3791,43,105.245517,51.688917,15.02,15.005961,76.165299,14.991753,76.237413,14.002959,75.938616,13.988842,76.01043,WGS84,WGS84,30.0,UTM,SRTM-2,40,80,Y,Y,N,INDIA,1081x3791
651,INDIA,EO1H1450502014304110K1,L1GST,EO1,HYPERION,2014-10-31,2014 304 04:17:50,2014 304 04:22:11,1091,3761,43,127.951855,45.332838,17.042,14.882982,76.137031,14.868504,76.211335,13.886166,75.91038,13.871508,75.984378,WGS84,WGS84,30.0,UTM,SRTM-2,40,80,Y,Y,N,INDIA,1091x3761
652,INDIA,EO1H1450502015084110K2,L1GST,EO1,HYPERION,2015-03-25,2015 084 03:55:55,2015 084 04:00:14,961,3481,43,101.372663,42.877913,-4.9505,14.938772,76.15211,14.926498,76.218633,14.011578,75.954207,13.999378,76.020473,WGS84,WGS84,30.0,UTM,SRTM-2,40,80,Y,Y,N,INDIA,961x3481
653,INDIA,EO1H1450502015087110K1,L1GST,EO1,HYPERION,2015-03-28,2015 087 04:06:27,2015 087 04:10:48,1081,3711,43,101.099102,45.963115,18.699,14.990238,76.164102,14.975747,76.238717,14.00783,75.941413,13.992888,76.015722,WGS84,WGS84,30.0,UTM,SRTM-2,40,80,Y,Y,N,INDIA,1081x3711
654,INDIA,EO1H1450502015287110K3,L1GST,EO1,HYPERION,2015-10-14,2015 287 03:35:40,2015 287 03:39:59,961,3481,43,113.078435,39.201702,-8.8185,14.775435,76.113063,14.763166,76.181488,13.849251,75.918009,13.837055,75.986173,WGS84,WGS84,30.0,UTM,SRTM-2,40,80,Y,Y,N,INDIA,961x3481
655,INDIA,EO1H1450502016009110K2,L1GST,EO1,HYPERION,2016-01-09,2016 009 03:31:22,2016 009 03:35:42,951,3461,43,124.660004,27.116825,1.1882,14.848569,76.131277,14.836302,76.198052,13.928126,75.931929,13.915659,75.999004,WGS84,WGS84,30.0,UTM,SRTM-2,40,80,Y,Y,N,INDIA,951x3461
656,INDIA,EO1H1450502016077110K2,L1GST,EO1,HYPERION,2016-03-17,2016 077 03:25:19,2016 077 03:29:39,971,3541,43,101.533847,34.202097,3.7979,14.895698,76.143233,14.883427,76.209744,13.957389,75.939543,13.944924,76.005517,WGS84,WGS84,30.0,UTM,SRTM-2,40,80,Y,Y,N,INDIA,971x3541
657,INDIA,EO1H1450502017068110K1,L1GST,EO1,HYPERION,2017-03-09,2017 068 02:45:18,2017 068 02:49:38,1021,3711,43,101.338777,23.158929,8.3591,14.923881,76.147284,14.911058,76.215476,13.938706,75.931414,13.925964,75.999328,WGS84,WGS84,30.0,UTM,SRTM-2,40,80,Y,Y,N,INDIA,1021x3711
658,INDIA,EO1H1460462015358110Kv,L1GST,EO1,HYPERION,2015-12-24,2015 358 03:42:21,2015 358 03:46:40,1001,3461,43,130.250063,26.048956,7.8141,20.311958,75.405204,20.298772,75.475783,19.393001,75.193376,19.379903,75.26357,WGS84,WGS84,30.0,UTM,SRTM-2,40,80,Y,Y,N,INDIA,1001x3461
659,INDIA,EO1H1470392014168110KF,L1GST,EO1,HYPERION,2014-06-17,2014 168 04:35:45,2014 168 04:40:04,1031,3301,43,93.879385,59.453927,19.663,30.197097,77.281141,30.179873,77.367564,29.329581,77.037225,29.312551,77.122968,WGS84,WGS84,30.0,UTM,SRTM-2,40,80,Y,Y,N,INDIA,1031x3301
660,INDIA,EO1H1470392015098110KF,L1GST,EO1,HYPERION,2015-04-08,2015 098 04:08:40,2015 098 04:12:58,971,3331,43,112.368985,45.689437,12.417,30.176814,77.280358,30.162458,77.357805,29.300776,77.044683,29.286043,77.121807,WGS84,WGS84,30.0,UTM,SRTM-2,40,80,Y,Y,N,INDIA,971x3331
661,INDIA,EO1H1470392015136110KF,L1GST,EO1,HYPERION,2015-05-16,2015 136 04:11:03,2015 136 04:15:22,1051,3321,43,97.972775,53.454353,22.406,30.184047,77.284578,30.165948,77.374393,29.31334,77.037211,29.295444,77.126317,WGS84,WGS84,30.0,UTM,SRTM-2,40,80,Y,Y,N,INDIA,1051x3321
662,INDIA,EO1H1470392015209110KF,L1GST,EO1,HYPERION,2015-07-28,2015 209 04:00:50,2015 209 04:05:09,981,3261,43,94.753924,49.058501,16.432,30.165825,77.274189,30.150336,77.354713,29.307901,77.038957,29.29231,77.119155,WGS84,WGS84,30.0,UTM,SRTM-2,40,80,Y,Y,N,INDIA,981x3261
663,INDIA,EO1H1470392015247110KF,L1GST,EO1,HYPERION,2015-09-04,2015 247 03:59:25,2015 247 04:03:44,1021,3321,43,110.696428,44.534256,19.887,30.10145,77.256529,30.084528,77.342259,29.231145,77.013362,29.214404,77.099034,WGS84,WGS84,30.0,UTM,SRTM-2,40,80,Y,Y,N,INDIA,1021x3321
664,INDIA,EO1H1470392015350110KF,L1GST,EO1,HYPERION,2015-12-16,2015 350 03:45:50,2015 350 03:50:09,971,3241,43,135.874373,21.935033,13.777,29.998506,77.230875,29.983337,77.310348,29.143366,77.000547,29.12864,77.079102,WGS84,WGS84,30.0,UTM,SRTM-2,40,80,Y,Y,N,INDIA,971x3241
665,INDIA,EO1H1470392016083110KF,L1GST,EO1,HYPERION,2016-03-23,2016 083 03:40:35,2016 083 03:44:53,1031,3271,43,112.291348,35.647332,22.914,30.159576,77.275606,30.141496,77.364777,29.302036,77.032973,29.284424,77.121458,WGS84,WGS84,30.0,UTM,SRTM-2,40,80,Y,Y,N,INDIA,1031x3271
666,INDIA,EO1H1470392017063110KF,L1GST,EO1,HYPERION,2017-03-04,2017 063 02:58:10,2017 063 03:02:29,1001,3271,43,111.277299,21.594263,20.286,30.133736,77.267538,30.117082,77.352987,29.277189,77.029393,29.260445,77.114481,WGS84,WGS84,30.0,UTM,SRTM-2,40,80,Y,Y,N,INDIA,1001x3271
667,INDIA,EO1H1470412016358110KZ,L1GST,EO1,HYPERION,2016-12-23,2016 358 03:05:17,2016 358 03:09:37,1041,3471,43,127.363561,15.509028,14.084,27.774725,76.427991,27.759815,76.506557,26.857571,76.189748,26.842814,76.267714,WGS84,WGS84,30.0,UTM,SRTM-2,40,80,Y,Y,N,INDIA,1041x3471
668,INDIA,EO1H1470432014315110KZ,L1GST,EO1,HYPERION,2014-11-11,2014 315 04:24:38,2014 315 04:28:59,1081,3691,43,137.134032,36.537754,5.9436,24.349405,74.441931,24.336648,74.512894,23.367488,74.20595,23.354558,74.276986,WGS84,WGS84,30.0,UTM,SRTM-2,40,80,Y,Y,N,INDIA,1081x3691
669,INDIA,EO1H1470442015301110Pt,L1GST,EO1,HYPERION,2015-10-28,2015 301 03:47:44,2015 301 03:52:04,1011,3541,43,125.25426,33.935289,-4.7618,23.383945,74.519449,23.371683,74.58958,22.442785,74.303733,22.430607,74.373397,WGS84,WGS84,30.0,UTM,SRTM-2,40,80,Y,Y,N,INDIA,1011x3541
670,INDIA,EO1H1480392015277110KZ,L1GST,EO1,HYPERION,2015-10-04,2015 277 04:02:53,2015 277 04:07:12,1101,3521,43,123.919705,37.887021,14.457,30.611927,75.01317,30.596738,75.094146,29.682006,74.758096,29.666971,74.838353,WGS84,WGS84,30.0,UTM,SRTM-2,40,80,Y,Y,N,INDIA,1101x3521
671,INDIA,EO1H1480392015282110KZ,L1GST,EO1,HYPERION,2015-10-09,2015 282 03:47:12,2015 282 03:51:33,1011,3641,43,122.657926,33.980577,-14.958,30.656595,74.998465,30.64358,75.080101,29.6888,74.771722,29.675923,74.852903,WGS84,WGS84,30.0,UTM,SRTM-2,40,80,Y,Y,N,INDIA,1011x3641
672,INDIA,EO1H1480392015285110PE,L1GST,EO1,HYPERION,2015-10-12,2015 285 03:57:13,2015 285 04:01:33,1041,3531,43,125.918788,35.135803,5.2059,30.65903,75.023195,30.645733,75.098888,29.723468,74.77878,29.710038,74.853794,WGS84,WGS84,30.0,UTM,SRTM-2,40,80,Y,Y,N,INDIA,1041x3531
673,INDIA,EO1H1480422012051110PZ,L1GST,EO1,HYPERION,2012-02-20,2012 051 05:11:11,2012 051 05:15:48,1861,7271,43,137.539651,42.677497,1.7647,26.850109,74.939594,26.837122,75.011726,24.900832,74.46139,24.887798,74.532396,WGS84,WGS84,30.0,UTM,SRTM-2,40,80,Y,Y,N,INDIA,1861x7271
674,INDIA,EO1H1480432010281110Pd,L1GST,EO1,HYPERION,2010-10-08,2010 281 05:20:15,2010 281 05:24:51,1901,7021,43,139.615654,53.213686,4.2744,24.32403,73.553537,24.310611,73.625189,22.438775,73.098163,22.42578,73.169115,WGS84,WGS84,30.0,UTM,SRTM-2,40,80,Y,Y,N,INDIA,1901x7021
675,INDIA,EO1H1480442013075110KZ,L1GST,EO1,HYPERION,2013-03-16,2013 075 04:56:30,2013 075 05:01:07,1861,7261,43,121.20064,48.497603,-13.09,23.651024,73.14109,23.6381,73.216799,21.70016,72.707395,21.687099,72.782631,WGS84,WGS84,30.0,UTM,SRTM-2,40,80,Y,Y,N,INDIA,1861x7261
676,INDIA,EO1H1480442016320110Km,L1GST,EO1,HYPERION,2016-11-15,2016 320 03:17:24,2016 320 03:22:00,1901,7041,43,123.890686,23.68886,9.1061,23.479113,73.149673,23.465868,73.221765,21.588195,72.701053,21.575078,72.772179,WGS84,WGS84,30.0,UTM,SRTM-2,40,80,Y,Y,N,INDIA,1901x7041
677,INDIA,EO1H1480442016331110Km,L1GST,EO1,HYPERION,2016-11-26,2016 331 03:19:36,2016 331 03:24:12,2061,7261,43,126.042074,23.151342,22.173,22.641543,73.814071,22.625068,73.897362,20.698242,73.332983,20.681947,73.415191,WGS84,WGS84,30.0,UTM,SRTM-2,40,80,Y,Y,N,INDIA,2061x7261
678,INDIA,EO1H1480472016328110PZ,L1GST,EO1,HYPERION,2016-11-23,2016 328 03:11:05,2016 328 03:15:24,1021,3481,43,123.116861,22.914443,1.6348,19.565218,72.9685,19.552701,73.03691,18.641216,72.761644,18.628743,72.829959,WGS84,WGS84,30.0,UTM,SRTM-2,40,80,Y,Y,N,INDIA,1021x3481
679,INDIA,EO1H1490422011149110Kv,L1GST,EO1,HYPERION,2011-05-29,2011 149 05:30:44,2011 149 05:35:20,2071,7011,43,94.703203,67.943994,15.696,26.287668,72.594896,26.272452,72.673552,24.405111,72.105512,24.390337,72.183261,WGS84,WGS84,30.0,UTM,SRTM-2,40,80,Y,Y,N,INDIA,2071x7011
680,INDIA,EO1H1490442015090110KZ,L1GST,EO1,HYPERION,2015-03-31,2015 090 04:15:08,2015 090 04:19:28,1051,3531,43,106.293363,42.971006,-7.835,22.944128,72.087913,22.93214,72.158263,22.004729,71.877468,21.992523,71.947926,WGS84,WGS84,30.0,UTM,SRTM-2,40,80,Y,Y,N,INDIA,1051x3531
681,INDIA,EO1H1490442015144110KZ,L1GST,EO1,HYPERION,2015-05-24,2015 144 04:08:20,2015 144 04:12:39,931,3591,42,83.699239,48.650869,-12.051,22.998092,72.065376,22.985271,72.139569,22.046966,71.855852,22.034282,71.930161,WGS84,WGS84,30.0,UTM,SRTM-2,40,80,Y,Y,N,INDIA,931x3591
682,INDIA,EO1H1490442016026110PI,L1GST,EO1,HYPERION,2016-01-26,2016 026 03:52:33,2016 026 03:56:53,941,3491,42,124.636551,24.243733,4.6287,22.869908,72.043785,22.856914,72.113824,21.946992,71.827436,21.933857,71.89763,WGS84,WGS84,30.0,UTM,SRTM-2,40,80,Y,Y,N,INDIA,941x3491
683,INDIA,EO1H1490442016045110PI,L1GST,EO1,HYPERION,2016-02-14,2016 045 03:49:30,2016 045 03:53:50,921,3501,42,118.884528,26.416396,2.1864,23.116515,72.059567,23.103782,72.129149,22.192036,71.844533,22.179443,71.913692,WGS84,WGS84,30.0,UTM,SRTM-2,40,80,Y,Y,N,INDIA,921x3501
684,JAPAN,EO1H1070302013292110T6,L1GST,EO1,HYPERION,2013-10-19,2013 292 00:16:59,2013 292 00:21:20,1051,3771,54,145.06083,30.71785,-26.807,43.165801,141.552537,43.150585,141.670724,42.171444,141.297047,42.156497,141.413432,WGS84,WGS84,30.0,UTM,SRTM-2,40,80,Y,Y,N,JAPAN,1051x3771
685,JAPAN,EO1H1070302013313110T6,L1GST,EO1,HYPERION,2013-11-09,2013 313 00:10:34,2013 313 00:14:55,1061,3771,54,147.062334,23.931134,-32.901,43.190998,141.53691,43.174603,141.67505,42.197633,141.304434,42.181253,141.440817,WGS84,WGS84,30.0,UTM,SRTM-2,40,80,Y,Y,N,JAPAN,1061x3771
686,JAPAN,EO1H1070302015263110T5,L1GST,EO1,HYPERION,2015-09-20,2015 263 23:25:54,2015 263 23:30:14,1001,3491,54,123.63229,32.158495,-23.902,43.194871,141.573842,43.180213,141.685442,42.27457,141.328452,42.259888,141.438111,WGS84,WGS84,30.0,UTM,SRTM-2,40,80,Y,Y,N,JAPAN,1001x3491
687,JAPAN,EO1H1070322013134110K3,L1GST,EO1,HYPERION,2013-05-14,2013 134 00:35:44,2013 134 00:40:17,1661,6381,54,121.67003,58.242953,-6.0014,39.870121,141.618435,39.856668,141.702787,38.167208,141.124602,38.153845,141.207051,WGS84,WGS84,30.0,UTM,SRTM-2,40,80,Y,Y,N,JAPAN,1661x6381
688,JAPAN,EO1H1070332012290110K2,L1GST,EO1,HYPERION,2012-10-16,2012 290 00:50:21,2012 290 00:54:40,1081,3521,54,151.298668,38.579775,2.8291,38.582287,141.045141,38.568442,141.127361,37.650045,140.762221,37.636123,140.843455,WGS84,WGS84,30.0,UTM,SRTM-2,40,80,Y,Y,N,JAPAN,1081x3521
689,JAPAN,EO1H1070332015144110K8,L1GST,EO1,HYPERION,2015-05-24,2015 144 23:44:55,2015 144 23:49:23,1421,5301,54,103.70999,50.236178,-10.343,38.949406,140.921765,38.936188,141.008254,37.536613,140.53541,37.523402,140.621327,WGS84,WGS84,30.0,UTM,SRTM-2,40,80,Y,Y,N,JAPAN,1421x5301
690,JAPAN,EO1H1070332015152110K9,L1GST,EO1,HYPERION,2015-06-01,2015 152 23:40:00,2015 152 23:44:28,1381,5251,54,100.827529,49.796768,-17.487,38.909632,140.882025,38.896175,140.976078,37.510871,140.522329,37.497422,140.615001,WGS84,WGS84,30.0,UTM,SRTM-2,40,80,Y,Y,N,JAPAN,1381x5251
691,JAPAN,EO1H1070332015217110K9,L1GST,EO1,HYPERION,2015-08-05,2015 217 23:34:14,2015 217 23:38:41,1381,5281,54,104.313981,44.065127,-17.592,38.919097,140.884085,38.905907,140.975383,37.513301,140.521295,37.500117,140.612274,WGS84,WGS84,30.0,UTM,SRTM-2,40,80,Y,Y,N,JAPAN,1381x5281
692,JAPAN,EO1H1070332016309110K3,L1GST,EO1,HYPERION,2016-11-04,2016 309 22:51:59,2016 309 22:56:19,1031,3481,54,127.784932,17.8036,-3.9361,38.57661,141.042389,38.563578,141.124256,37.656301,140.781585,37.643718,140.862817,WGS84,WGS84,30.0,UTM,SRTM-2,40,80,Y,Y,N,JAPAN,1031x3481
693,JAPAN,EO1H1070342011352110K7,L1GST,EO1,HYPERION,2011-12-18,2011 352 00:56:02,2011 352 01:00:26,1261,4341,54,156.110115,25.35484,0.6276,38.027937,141.148363,38.014017,141.231317,36.875103,140.807396,36.861147,140.88915,WGS84,WGS84,30.0,UTM,SRTM-2,40,80,Y,Y,N,JAPAN,1261x4341
694,JAPAN,EO1H1070342015125110K9,L1GST,EO1,HYPERION,2015-05-05,2015 125 23:44:27,2015 125 23:48:51,1231,4531,54,108.55972,47.908258,-11.344,38.166072,141.170909,38.152939,141.257437,36.961702,140.848289,36.948531,140.933156,WGS84,WGS84,30.0,UTM,SRTM-2,40,80,Y,Y,N,JAPAN,1231x4531
695,JAPAN,EO1H1070342015342110K7,L1GST,EO1,HYPERION,2015-12-08,2015 342 23:30:46,2015 342 23:35:10,1251,4351,54,138.13668,17.1353,0.7869,38.001178,141.141134,37.987536,141.222353,36.84481,140.805452,36.831396,140.885828,WGS84,WGS84,30.0,UTM,SRTM-2,40,80,Y,Y,N,JAPAN,1251x4351
696,JAPAN,EO1H1070342017041110K9,L1GST,EO1,HYPERION,2017-02-10,2017 041 22:33:43,2017 041 22:38:07,1181,4431,54,117.659171,11.276883,-13.272,38.073103,141.139229,38.060263,141.225651,36.894611,140.83159,36.881994,140.916717,WGS84,WGS84,30.0,UTM,SRTM-2,40,80,Y,Y,N,JAPAN,1181x4431
697,JAPAN,EO1H1090352012003110T2,L1GST,EO1,HYPERION,2012-01-03,2012 003 01:10:36,2012 003 01:14:56,1001,3531,53,153.626151,26.383897,2.4202,36.487813,137.336689,36.473767,137.417539,35.556331,137.066005,35.542221,137.146299,WGS84,WGS84,30.0,UTM,SRTM-2,40,80,Y,Y,N,JAPAN,1001x3531
698,JAPAN,EO1H1090352012029110T2,L1GST,EO1,HYPERION,2012-01-29,2012 029 01:08:24,2012 029 01:12:44,961,3471,53,148.705829,29.635054,-0.6946,36.452299,137.327591,36.438821,137.407418,35.537374,137.067505,35.523828,137.146469,WGS84,WGS84,30.0,UTM,SRTM-2,40,80,Y,Y,N,JAPAN,961x3471
699,JAPAN,EO1H1090352012042110T2,L1GST,EO1,HYPERION,2012-02-11,2012 042 01:07:03,2012 042 01:11:23,961,3531,53,145.999718,32.780624,-2.7008,36.475981,137.33332,36.462498,137.41317,35.543805,137.070979,35.530256,137.149949,WGS84,WGS84,30.0,UTM,SRTM-2,40,80,Y,Y,N,JAPAN,961x3531
700,JAPAN,EO1H1090352012050110T1,L1GST,EO1,HYPERION,2012-02-19,2012 050 01:13:38,2012 050 01:17:58,1041,3481,53,146.304062,35.92948,9.7374,36.532427,137.350425,36.517567,137.430962,35.61705,137.073522,35.602104,137.154847,WGS84,WGS84,30.0,UTM,SRTM-2,40,80,Y,Y,N,JAPAN,1041x3481
701,JAPAN,EO1H1090352012071110T0,L1GST,EO1,HYPERION,2012-03-11,2012 071 01:18:34,2012 071 01:22:54,1191,3771,53,143.941831,43.97577,18.751,36.543256,137.336008,36.526094,137.423862,35.555222,137.019639,35.537462,137.109445,WGS84,WGS84,30.0,UTM,SRTM-2,40,80,Y,Y,N,JAPAN,1191x3771
702,JAPAN,EO1H1090352012089110T2,L1GST,EO1,HYPERION,2012-03-29,2012 089 01:08:35,2012 089 01:12:54,981,3471,53,137.184924,49.451773,2.1384,36.514961,137.344875,36.501193,137.42509,35.600981,137.080067,35.586866,137.160069,WGS84,WGS84,30.0,UTM,SRTM-2,40,80,Y,Y,N,JAPAN,981x3471
703,JAPAN,EO1H1090352012272110T2,L1GST,EO1,HYPERION,2012-09-28,2012 272 01:04:15,2012 272 01:08:35,1011,3591,53,144.464105,45.9567,3.5799,36.427304,137.319814,36.413298,137.399271,35.478004,137.044161,35.464204,137.123069,WGS84,WGS84,30.0,UTM,SRTM-2,40,80,Y,Y,N,JAPAN,1011x3591
704,JAPAN,EO1H1090352012330110T0,L1GST,EO1,HYPERION,2012-11-25,2012 330 01:14:29,2012 330 01:18:50,1241,3691,53,157.855885,30.0856,23.725,36.466671,137.283497,36.446662,137.380557,35.501164,136.968671,35.48114,137.066634,WGS84,WGS84,30.0,UTM,SRTM-2,40,80,Y,Y,N,JAPAN,1241x3691
705,JAPAN,EO1H1090352013011110T1,L1GST,EO1,HYPERION,2013-01-11,2013 011 01:03:25,2013 011 01:07:47,1021,3471,53,150.552793,26.326174,8.983,36.472534,137.329867,36.457939,137.411356,35.558932,137.05614,35.544006,137.137079,WGS84,WGS84,30.0,UTM,SRTM-2,40,80,Y,Y,N,JAPAN,1021x3471
706,JAPAN,EO1H1090352013016110T3,L1GST,EO1,HYPERION,2013-01-16,2013 016 00:53:53,2013 016 00:58:13,951,3541,53,147.460801,25.933176,-8.3211,36.461656,137.31917,36.448427,137.400353,35.526595,137.065242,35.51328,137.146515,WGS84,WGS84,30.0,UTM,SRTM-2,40,80,Y,Y,N,JAPAN,951x3541
707,JAPAN,EO1H1090352013032110T2,L1GST,EO1,HYPERION,2013-02-01,2013 032 01:02:01,2013 032 01:06:21,1031,3531,53,146.466691,29.779263,7.9655,36.488781,137.335544,36.474203,137.416048,35.557674,137.058591,35.543299,137.138882,WGS84,WGS84,30.0,UTM,SRTM-2,40,80,Y,Y,N,JAPAN,1031x3531
708,JAPAN,EO1H1090352013040110T1,L1GST,EO1,HYPERION,2013-02-09,2013 040 01:06:01,2013 040 01:10:21,1101,3541,53,145.975243,32.279086,15.478,36.528505,137.336739,36.512783,137.420265,35.597907,137.046373,35.581547,137.132282,WGS84,WGS84,30.0,UTM,SRTM-2,40,80,Y,Y,N,JAPAN,1101x3541
709,JAPAN,EO1H1090352013066110T3,L1GST,EO1,HYPERION,2013-03-07,2013 066 00:54:32,2013 066 00:58:52,971,3521,53,137.965312,39.326617,-3.1683,36.5487,137.347908,36.534901,137.429494,35.618426,137.087804,35.60484,137.168167,WGS84,WGS84,30.0,UTM,SRTM-2,40,80,Y,Y,N,JAPAN,971x3521
710,JAPAN,EO1H1090352013095110T2,L1GST,EO1,HYPERION,2013-04-05,2013 095 00:56:07,2013 095 01:00:27,981,3461,53,131.655734,50.029746,2.1254,36.558276,137.355904,36.544215,137.436822,35.645935,137.092164,35.631811,137.172209,WGS84,WGS84,30.0,UTM,SRTM-2,40,80,Y,Y,N,JAPAN,981x3461
711,JAPAN,EO1H1090352013129110T3,L1GST,EO1,HYPERION,2013-05-09,2013 129 00:46:52,2013 129 00:51:12,941,3541,53,117.72899,57.823351,-12.048,36.630498,137.354423,36.61715,137.440125,35.697281,137.10975,35.683894,137.19317,WGS84,WGS84,30.0,UTM,SRTM-2,40,80,Y,Y,N,JAPAN,941x3541
712,JAPAN,EO1H1090352013132110T1,L1GST,EO1,HYPERION,2013-05-12,2013 132 01:00:17,2013 132 01:04:37,1061,3471,53,120.714263,60.755424,12.794,36.530905,137.345353,36.515757,137.426887,35.617997,137.065596,35.602763,137.148241,WGS84,WGS84,30.0,UTM,SRTM-2,40,80,Y,Y,N,JAPAN,1061x3471
713,JAPAN,EO1H1090352013219110T1,L1GST,EO1,HYPERION,2013-08-07,2013 219 00:56:38,2013 219 01:00:58,1061,3471,53,118.866252,57.315216,13.516,36.439897,137.311826,36.424182,137.395929,35.529037,137.032879,35.513253,137.117409,WGS84,WGS84,30.0,UTM,SRTM-2,40,80,Y,Y,N,JAPAN,1061x3471
714,JAPAN,EO1H1090352013261110T2,L1GST,EO1,HYPERION,2013-09-18,2013 261 00:46:05,2013 261 00:50:25,961,3541,53,134.750701,46.507809,-1.569,36.423263,137.319026,36.409799,137.398492,35.48888,137.056672,35.475618,137.135268,WGS84,WGS84,30.0,UTM,SRTM-2,40,80,Y,Y,N,JAPAN,961x3541
715,JAPAN,EO1H1090352015227110T1,L1GST,EO1,HYPERION,2015-08-15,2015 227 00:05:24,2015 227 00:09:44,1101,3491,53,108.988474,46.617183,17.543,36.465049,137.31157,36.448165,137.400013,35.551271,137.029464,35.534349,137.117296,WGS84,WGS84,30.0,UTM,SRTM-2,40,80,Y,Y,N,JAPAN,1101x3491
716,JAPAN,EO1H1120372016310110PF,L1GST,EO1,HYPERION,2016-11-05,2016 310 23:29:25,2016 310 23:33:43,901,3271,52,126.1699,20.401498,0.6062,33.296523,131.171956,33.283532,131.248527,32.435333,130.944227,32.422243,131.019784,WGS84,WGS84,30.0,UTM,SRTM-2,40,80,Y,Y,N,JAPAN,901x3271
717,JAPAN,EO1H1120382014098110PF,L1GST,EO1,HYPERION,2014-04-08,2014 098 00:58:23,2014 098 01:02:42,921,3251,52,119.7658,49.423394,1.5332,32.145819,130.759721,32.132576,130.835069,31.288991,130.533318,31.275894,130.608649,WGS84,WGS84,30.0,UTM,SRTM-2,40,80,Y,Y,N,JAPAN,921x3251
718,JAPAN,EO1H1120382014127110KF,L1GST,EO1,HYPERION,2014-05-07,2014 127 00:45:03,2014 127 00:49:21,911,3271,52,105.233468,53.469344,-21.179,32.126289,130.556811,32.111071,130.647702,31.263641,130.356783,31.248336,130.445303,WGS84,WGS84,30.0,UTM,SRTM-2,40,80,Y,Y,N,JAPAN,911x3271
719,JAPAN,EO1H1120382014143110KF,L1GST,EO1,HYPERION,2014-05-23,2014 143 00:43:54,2014 143 00:48:13,901,3261,52,99.339593,55.023682,-21.103,32.132495,130.558189,32.117264,130.650036,31.273904,130.358822,31.257511,130.447648,WGS84,WGS84,30.0,UTM,SRTM-2,40,80,Y,Y,N,JAPAN,901x3261
720,JAPAN,EO1H1120382015287110PF,L1GST,EO1,HYPERION,2015-10-14,2015 287 00:14:02,2015 287 00:18:20,931,3261,52,127.272824,33.831139,2.7075,32.002371,130.722681,31.988874,130.798548,31.142734,130.49666,31.129662,130.571883,WGS84,WGS84,30.0,UTM,SRTM-2,40,80,Y,Y,N,JAPAN,931x3261
721,JAPAN,EO1H1120382016081110KF,L1GST,EO1,HYPERION,2016-03-21,2016 081 23:47:25,2016 081 23:51:44,891,3261,52,110.445373,30.732739,-16.594,32.132273,130.741354,32.119193,130.824952,31.27215,130.538403,31.259239,130.620329,WGS84,WGS84,30.0,UTM,SRTM-2,40,80,Y,Y,N,JAPAN,891x3261
722,MANGOLIA,EO1H1280292007016110KF,L1GST,EO1,HYPERION,2007-01-16,2007 016 03:04:19,2007 016 03:08:38,1051,3241,49,153.855497,20.699911,-14.071,44.486689,109.66672,44.472405,109.765021,43.631148,109.403794,43.617068,109.500741,WGS84,WGS84,30.0,UTM,SRTM-2,40,80,Y,Y,N,MONGOLIA,1051x3241
723,MANGOLIA,EO1H1280292008002110PF,L1GST,EO1,HYPERION,2008-01-02,2008 002 03:09:18,2008 002 03:13:37,1101,3271,49,157.080444,19.649061,-1.9872,44.504223,109.688195,44.489836,109.778611,43.638552,109.392443,43.624379,109.48161,WGS84,WGS84,30.0,UTM,SRTM-2,40,80,Y,Y,N,MONGOLIA,1101x3271
724,MANGOLIA,EO1H1280292009222110KF,L1GST,EO1,HYPERION,2009-08-10,2009 222 02:52:59,2009 222 02:57:17,1061,3391,49,131.290816,52.966962,-27.151,44.465764,109.632897,44.450664,109.752661,43.572942,109.394554,43.557802,109.51296,WGS84,WGS84,30.0,UTM,SRTM-2,40,80,Y,Y,N,MONGOLIA,1061x3391
725,MANGOLIA,EO1H1280292010014110KF,L1GST,EO1,HYPERION,2010-01-14,2010 014 02:47:50,2010 014 02:52:08,1051,3281,49,150.283928,19.125449,-32.758,44.419205,109.601971,44.402752,109.742754,43.558542,109.388621,43.542061,109.528178,WGS84,WGS84,30.0,UTM,SRTM-2,40,80,Y,Y,N,MONGOLIA,1051x3281
726,MANGOLIA,EO1H1280292010045110KF,L1GST,EO1,HYPERION,2010-02-14,2010 045 02:50:34,2010 045 02:54:53,1031,3261,49,146.119524,26.462333,-29.647,44.395495,109.606671,44.379721,109.736091,43.539344,109.387277,43.523526,109.515275,WGS84,WGS84,30.0,UTM,SRTM-2,40,80,Y,Y,N,MONGOLIA,1031x3261
727,MANGOLIA,EO1H1280292010303110KF,L1GST,EO1,HYPERION,2010-10-30,2010 303 02:48:53,2010 303 02:53:12,1041,3271,49,153.748091,28.436475,-31.892,44.475888,109.621361,44.45962,109.756618,43.614136,109.40424,43.598112,109.538711,WGS84,WGS84,30.0,UTM,SRTM-2,40,80,Y,Y,N,MONGOLIA,1041x3271
728,MANGOLIA,EO1H1280292010334110KF,L1GST,EO1,HYPERION,2010-11-30,2010 334 02:48:47,2010 334 02:53:05,1061,3331,49,155.376808,20.550479,-31.953,44.523581,109.63458,44.507307,109.770701,43.648012,109.41227,43.631719,109.547566,WGS84,WGS84,30.0,UTM,SRTM-2,40,80,Y,Y,N,MONGOLIA,1061x3331
729,MANGOLIA,EO1H1280292010365110KF,L1GST,EO1,HYPERION,2010-12-31,2010 365 02:48:24,2010 365 02:52:42,1041,3271,49,152.555434,17.959511,-32.017,44.561782,109.644645,44.545517,109.782736,43.701188,109.42911,43.684909,109.567123,WGS84,WGS84,30.0,UTM,SRTM-2,40,80,Y,Y,N,MONGOLIA,1041x3271
730,MANGOLIA,EO1H1280292011008110KF,L1GST,EO1,HYPERION,2011-01-08,2011 008 02:57:41,2011 008 03:02:00,1041,3301,49,153.531461,19.174486,-20.467,44.562335,109.668779,44.547612,109.776648,43.691848,109.417818,43.677079,109.524916,WGS84,WGS84,30.0,UTM,SRTM-2,40,80,Y,Y,N,MONGOLIA,1041x3301
731,MANGOLIA,EO1H1280292011031110KF,L1GST,EO1,HYPERION,2011-01-31,2011 031 02:47:43,2011 031 02:52:01,1051,3331,49,147.697524,22.116948,-32.853,44.572838,109.643258,44.556334,109.784024,43.697392,109.428094,43.680877,109.568707,WGS84,WGS84,30.0,UTM,SRTM-2,40,80,Y,Y,N,MONGOLIA,1051x3331
732,MANGOLIA,EO1H1280292011350110KF,L1GST,EO1,HYPERION,2011-12-16,2011 350 02:55:44,2011 350 03:00:03,1031,3221,49,155.986692,18.95851,-19.169,44.508679,109.653393,44.494481,109.758516,43.657101,109.405336,43.642583,109.510138,WGS84,WGS84,30.0,UTM,SRTM-2,40,80,Y,Y,N,MONGOLIA,1031x3221
733,MANGOLIA,EO1H1280292012011110KF,L1GST,EO1,HYPERION,2012-01-11,2012 011 02:54:01,2012 011 02:58:20,1021,3251,49,152.286729,19.158388,-20.984,44.551274,109.669788,44.53682,109.777629,43.694921,109.425183,43.680415,109.532275,WGS84,WGS84,30.0,UTM,SRTM-2,40,80,Y,Y,N,MONGOLIA,1021x3251
734,MANGOLIA,EO1H1300302005303110PZ,L1GST,EO1,HYPERION,2005-10-30,2005 303 03:22:53,2005 303 03:27:29,1821,7011,48,159.715286,30.971257,-0.4883,43.923136,107.127091,43.90818,107.217666,42.059384,106.497734,42.044953,106.586517,WGS84,WGS84,30.0,UTM,SRTM-2,40,80,Y,Y,N,MONGOLIA,1821x7011
735,MANGOLIA,EO1H1310272002230110PZ,L1GST,EO1,HYPERION,2002-08-18,2002 230 03:29:25,2002 230 03:30:34,1001,3171,48,145.362306,50.911,-0.0809,48.363749,107.051941,48.347634,107.151211,47.534989,106.727486,47.519171,106.825297,WGS84,WGS84,30.0,UTM,SRTM-2,40,80,Y,Y,N,MONGOLIA,1001x3171
736,MANGOLIA,EO1H1310272004220110PY,L1GST,EO1,HYPERION,2004-08-07,2004 220 03:30:17,2004 220 03:31:27,1061,3391,48,140.823985,53.966394,-4.2203,47.569232,106.095306,47.553946,106.193784,46.67886,105.767976,46.663591,105.865313,WGS84,WGS84,30.0,UTM,SRTM-2,40,80,Y,Y,N,MONGOLIA,1061x3391
737,MANGOLIA,EO1H1310282001243110PP,L1GST,EO1,HYPERION,2001-08-31,2001 243 03:30:15,2001 243 03:34:45,1831,6601,48,147.584945,48.491883,0.6443,46.961258,106.6593,46.945513,106.755737,45.209187,106.009638,45.194007,106.103655,WGS84,WGS84,30.0,UTM,SRTM-2,40,80,Y,Y,N,MONGOLIA,1831x6601
738,MANGOLIA,EO1H1310302004028110PZ,L1GST,EO1,HYPERION,2004-01-28,2004 028 03:31:40,2004 028 03:32:49,1031,3171,48,153.765693,24.635993,-0.1821,43.253915,105.216977,43.238854,105.307731,42.421191,104.93612,42.406621,105.026097,WGS84,WGS84,30.0,UTM,SRTM-2,40,80,Y,Y,N,MONGOLIA,1031x3171
739,MANGOLIA,EO1H1320302002205110PZ,L1GST,EO1,HYPERION,2002-07-24,2002 205 03:37:00,2002 205 03:38:09,1071,3151,48,132.261204,59.250261,-1.4929,43.874504,103.631148,43.859635,103.722862,43.042028,103.349181,43.02764,103.440063,WGS84,WGS84,30.0,UTM,SRTM-2,40,80,Y,Y,N,MONGOLIA,1071x3151
740,MANGOLIA,EO1H1330282016176110KF,L1GST,EO1,HYPERION,2016-06-24,2016 176 02:03:52,2016 176 02:08:10,1331,3221,48,105.379664,46.467691,19.67,46.716345,102.880326,46.696928,102.98578,45.87239,102.522525,45.853019,102.627256,WGS84,WGS84,30.0,UTM,SRTM-2,40,80,Y,Y,N,MONGOLIA,1331x3221
741,MANGOLIA,EO1H1340262004161110PZ,L1GST,EO1,HYPERION,2004-06-09,2004 161 03:48:48,2004 161 03:49:57,1171,3141,48,140.896363,59.941405,-0.6905,48.930386,102.552222,48.914671,102.652825,48.102347,102.223776,48.086889,102.322831,WGS84,WGS84,30.0,UTM,SRTM-2,40,80,Y,Y,N,MONGOLIA,1171x3141
742,MANGOLIA,EO1H1350282016184110KF,L1GST,EO1,HYPERION,2016-07-02,2016 184 01:57:08,2016 184 02:01:26,1001,3311,47,100.676314,42.536579,-9.9102,46.441709,99.427693,46.427815,99.523541,45.571361,99.142186,45.557708,99.236232,WGS84,WGS84,30.0,UTM,SRTM-2,40,80,Y,Y,N,MONGOLIA,1001x3311
743,MANGOLIA,EO1H1350292006056110KF,L1GST,EO1,HYPERION,2006-02-25,2006 056 03:33:57,2006 056 03:38:16,991,3261,47,146.178471,29.822012,-27.453,45.401103,100.049618,45.385309,100.17451,44.546071,99.820969,44.530549,99.942958,WGS84,WGS84,30.0,UTM,SRTM-2,40,80,Y,Y,N,MONGOLIA,991x3261
744,MANGOLIA,EO1H1360262004047110PZ,L1GST,EO1,HYPERION,2004-02-16,2004 047 04:00:57,2004 047 04:02:07,1111,3381,47,154.366903,25.104775,-0.8501,49.359014,99.658152,49.343015,99.759446,48.471795,99.301501,48.456112,99.401135,WGS84,WGS84,30.0,UTM,SRTM-2,40,80,Y,Y,N,MONGOLIA,1111x3381
745,MANGOLIA,EO1H1360272003252110PZ,L1GST,EO1,HYPERION,2003-09-09,2003 252 04:00:37,2003 252 04:01:46,1071,3151,47,150.601914,44.688912,-2.3069,47.705306,98.719701,47.689853,98.818037,46.875364,98.407427,46.860171,98.504324,WGS84,WGS84,30.0,UTM,SRTM-2,40,80,Y,Y,N,MONGOLIA,1071x3151
746,MANGOLIA,EO1H1370252002256110PZ,L1GST,EO1,HYPERION,2002-09-13,2002 256 04:05:33,2002 256 04:06:42,1111,3151,47,155.062577,41.148066,2.0246,50.620905,99.109018,50.60404,99.21275,49.7956,98.752744,49.779049,98.855244,WGS84,WGS84,30.0,UTM,GTOPO30,40,80,Y,Y,N,MONGOLIA,1111x3151
747,MANGOLIA,EO1H1380262010163110KF,L1GST,EO1,HYPERION,2010-06-12,2010 163 04:03:20,2010 163 04:07:40,961,3481,46,136.420573,59.009633,-11.356,48.900471,95.994575,48.885583,96.098357,47.989336,95.669878,47.974503,95.771922,WGS84,WGS84,30.0,UTM,SRTM-2,40,80,Y,Y,N,MONGOLIA,961x3481
748,MANGOLIA,EO1H1390262002270110PZ,L1GST,EO1,HYPERION,2002-09-27,2002 270 04:18:21,2002 270 04:19:31,1061,3391,46,157.001029,37.813572,2.2233,48.741346,95.240702,48.724779,95.341044,47.854592,94.88246,47.838365,94.980812,WGS84,WGS84,30.0,UTM,SRTM-2,40,80,Y,Y,N,MONGOLIA,1061x3391
749,MANGOLIA,EO1H1390272003353110PZ,L1GST,EO1,HYPERION,2003-12-19,2003 353 04:19:43,2003 353 04:20:52,1021,3161,46,161.607729,17.434474,4.0672,47.551294,95.123282,47.53487,95.220982,46.723779,94.795241,46.707376,94.891936,WGS84,WGS84,30.0,UTM,SRTM-2,40,80,Y,Y,N,MONGOLIA,1021x3161
750,MANGOLIA,EO1H1390272004004110PZ,L1GST,EO1,HYPERION,2004-01-04,2004 004 04:19:47,2004 004 04:20:56,1021,3171,46,159.613548,17.639338,3.9855,47.492877,95.099816,47.476197,95.197803,46.665007,94.77251,46.648624,94.869108,WGS84,WGS84,30.0,UTM,SRTM-2,40,80,Y,Y,N,MONGOLIA,1021x3171
751,MANGOLIA,EO1H1400262015086110K1,L1GST,EO1,HYPERION,2015-03-27,2015 086 03:20:46,2015 086 03:25:06,1151,3441,46,132.677236,33.699017,3.3535,49.085072,93.066577,49.069598,93.163404,48.177343,92.702107,48.162441,92.797725,WGS84,WGS84,30.0,UTM,SRTM-2,40,80,Y,Y,N,MONGOLIA,1151x3441
752,MANGOLIA,EO1H1400262015102110K2,L1GST,EO1,HYPERION,2015-04-12,2015 102 03:12:08,2015 102 03:16:28,1081,3451,46,127.763225,38.450025,-7.6108,49.050814,93.034515,49.036443,93.133334,48.140641,92.703931,48.12682,92.801887,WGS84,WGS84,30.0,UTM,SRTM-2,40,80,Y,Y,N,MONGOLIA,1081x3451
753,MANGOLIA,EO1H1400262015105110K0,L1GST,EO1,HYPERION,2015-04-15,2015 105 03:22:38,2015 105 03:26:58,1211,3441,46,130.148095,40.81207,8.6165,49.11987,93.088826,49.103294,93.188179,48.213795,92.707951,48.197542,92.805258,WGS84,WGS84,30.0,UTM,SRTM-2,40,80,Y,Y,N,MONGOLIA,1211x3441
754,MANGOLIA,EO1H1400262015205110K1,L1GST,EO1,HYPERION,2015-07-24,2015 205 03:09:12,2015 205 03:13:31,1141,3441,46,116.442326,46.571826,1.9691,49.016811,93.032433,49.001635,93.129139,48.11006,92.674284,48.09545,92.76938,WGS84,WGS84,30.0,UTM,SRTM-2,40,80,Y,Y,N,MONGOLIA,1141x3441
755,MANGOLIA,EO1H1400262015235110K0,L1GST,EO1,HYPERION,2015-08-23,2015 235 03:13:18,2015 235 03:17:38,1261,3501,46,125.381492,40.930588,12.101,49.014919,93.043508,48.997298,93.145946,48.096486,92.647776,48.079209,92.747706,WGS84,WGS84,30.0,UTM,SRTM-2,40,80,Y,Y,N,MONGOLIA,1261x3501
756,MANGOLIA,EO1H1400262015259110K2,L1GST,EO1,HYPERION,2015-09-16,2015 259 02:56:49,2015 259 03:01:09,1081,3451,46,128.900027,32.361332,-8.95,48.985241,93.002899,48.970895,93.104464,48.075251,92.677722,48.061188,92.778379,WGS84,WGS84,30.0,UTM,SRTM-2,40,80,Y,Y,N,MONGOLIA,1081x3451
757,MANGOLIA,EO1H1400262015281110K0,L1GST,EO1,HYPERION,2015-10-08,2015 281 03:05:47,2015 281 03:10:07,1201,3441,46,137.714583,26.881803,7.4839,48.942871,93.008621,48.926363,93.108467,48.039494,92.63488,48.023303,92.732684,WGS84,WGS84,30.0,UTM,SRTM-2,40,80,Y,Y,N,MONGOLIA,1201x3441
758,MANGOLIA,EO1H1400262016362110K2,L1GST,EO1,HYPERION,2016-12-27,2016 362 02:06:36,2016 362 02:10:56,1081,3451,46,130.946219,2.969727,-6.5393,48.933426,92.991836,48.91909,93.091662,48.023655,92.662758,48.009332,92.761711,WGS84,WGS84,30.0,UTM,SRTM-2,40,80,Y,Y,N,MONGOLIA,1081x3451
759,MANGOLIA,EO1H1400262017070110K0,L1GST,EO1,HYPERION,2017-03-11,2017 070 02:09:17,2017 070 02:13:37,1231,3441,46,118.45443,18.31606,11.467,49.038662,93.053791,49.021304,93.155453,48.133523,92.667683,48.116769,92.767674,WGS84,WGS84,30.0,UTM,SRTM-2,40,80,Y,Y,N,MONGOLIA,1231x3441
760,MANGOLIA,EO1H1410252002140110PZ,L1GST,EO1,HYPERION,2002-05-20,2002 140 04:31:00,2002 140 04:32:08,1061,2921,46,147.166707,55.93045,-1.129,51.023331,92.52865,51.006987,92.633479,50.256136,92.202004,50.240076,92.305248,WGS84,WGS84,30.0,UTM,GTOPO30,40,80,Y,Y,N,MONGOLIA,1061x2921
761,MANGOLIA,EO1H1410262004242110PY,L1GST,EO1,HYPERION,2004-08-29,2004 242 04:31:28,2004 242 04:32:38,1191,3361,46,149.727589,46.647423,-1.5622,49.554412,91.859359,49.538642,91.960818,48.667306,91.50293,48.651836,91.603104,WGS84,WGS84,30.0,UTM,SRTM-2,40,80,Y,Y,N,MONGOLIA,1191x3361
762,MANGOLIA,EO1H1410282004018110PZ,L1GST,EO1,HYPERION,2004-01-18,2004 018 04:32:24,2004 018 04:33:34,1211,3371,46,157.261753,20.163352,3.8592,46.529108,91.633226,46.513204,91.728577,45.641346,91.294572,45.625725,91.390026,WGS84,WGS84,30.0,UTM,SRTM-2,40,80,Y,Y,N,MONGOLIA,1211x3371
763,NEWZELAND,EO1H0710862011065110KF,L1GST,EO1,HYPERION,2011-03-06,2011 065 21:28:48,2011 065 21:33:07,1211,3231,-60,60.952159,39.991032,-21.261,-37.014503,177.894029,-37.033203,177.9903,-37.859754,177.602911,-37.879204,177.702598,WGS84,WGS84,30.0,UTM,SRTM-2,40,80,Y,Y,N,NEW ZEALAND,1211x3231
764,NEWZELAND,EO1H0710862013080110KF,L1GST,EO1,HYPERION,2013-03-21,2013 080 21:28:08,2013 080 21:32:27,991,3181,-60,54.911552,36.118225,5.1016,-37.001382,177.876677,-37.0148,177.959367,-37.839555,177.638544,-37.853396,177.722468,WGS84,WGS84,30.0,UTM,SRTM-2,40,80,Y,Y,N,NEW ZEALAND,991x3181
765,NEWZELAND,EO1H0710862013209110KF,L1GST,EO1,HYPERION,2013-07-28,2013 209 21:19:55,2013 209 21:24:13,1031,3291,-60,43.902146,20.461619,1.1278,-37.060146,177.865538,-37.073581,177.946945,-37.930005,177.612017,-37.943604,177.694334,WGS84,WGS84,30.0,UTM,SRTM-2,40,80,Y,Y,N,NEW ZEALAND,1031x3291
766,NEWZELAND,EO1H0710862013235110KF,L1GST,EO1,HYPERION,2013-08-23,2013 235 21:04:26,2013 235 21:08:45,1221,3231,-60,51.291031,24.818661,-22.81,-37.09122,177.868939,-37.110462,177.967333,-37.938829,177.578632,-37.959093,177.681157,WGS84,WGS84,30.0,UTM,SRTM-2,40,80,Y,Y,N,NEW ZEALAND,1221x3231
767,NEWZELAND,EO1H0720872015022110KX,L1GST,EO1,HYPERION,2015-01-22,2015 022 20:40:09,2015 022 20:44:45,2001,6971,-60,83.86206,38.536848,-9.6826,-38.905977,176.93252,-38.921132,177.019325,-40.765551,176.317823,-40.781449,176.407567,WGS84,WGS84,30.0,UTM,SRTM-2,40,80,Y,Y,N,NEW ZEALAND,2001x6971
768,NEWZELAND,EO1H0730852014197110KO,L1GST,EO1,HYPERION,2014-07-16,2014 197 21:03:07,2014 197 21:07:43,1891,7101,-60,48.035421,14.908822,-13.342,-35.835466,175.027674,-35.851161,175.11261,-37.722464,174.432733,-37.738658,174.519952,WGS84,WGS84,30.0,UTM,SRTM-2,40,80,Y,Y,N,NEW ZEALAND,1891x7101
769,NEWZELAND,EO1H0730902011063110K2,L1GST,EO1,HYPERION,2011-03-04,2011 063 21:52:39,2011 063 21:57:03,1451,4251,-59,56.965846,37.783733,-6.8149,-42.927449,172.583733,-42.942908,172.674156,-44.055571,172.174474,-44.071052,172.26725,WGS84,WGS84,30.0,UTM,SRTM-2,40,80,Y,Y,N,NEW ZEALAND,1451x4251
770,NEWZELAND,EO1H0730902012025110K1,L1GST,EO1,HYPERION,2012-01-25,2012 025 21:58:18,2012 025 22:02:42,1341,4331,-59,67.024735,48.082213,7.5948,-42.978792,172.543111,-42.992656,172.63392,-44.128502,172.174042,-44.142902,172.266904,WGS84,WGS84,30.0,UTM,SRTM-2,40,80,Y,Y,N,NEW ZEALAND,1341x4331
771,NEWZELAND,EO1H0730902012077110K1,L1GST,EO1,HYPERION,2012-03-17,2012 077 21:52:22,2012 077 21:56:45,1401,4361,-59,52.205539,33.902626,-0.278,-42.92132,172.577694,-42.935968,172.668449,-44.080631,172.180217,-44.095297,172.273014,WGS84,WGS84,30.0,UTM,SRTM-2,40,80,Y,Y,N,NEW ZEALAND,1401x4361
772,NEWZELAND,EO1H0730902012085110K0,L1GST,EO1,HYPERION,2012-03-25,2012 085 21:58:43,2012 085 22:03:07,1321,4321,-59,47.943687,32.494672,10.062,-42.927426,172.545876,-42.941777,172.640295,-44.07435,172.186834,-44.088703,172.282982,WGS84,WGS84,30.0,UTM,SRTM-2,40,80,Y,Y,N,NEW ZEALAND,1321x4321
773,NEWZELAND,EO1H0730902012119110K0,L1GST,EO1,HYPERION,2012-04-28,2012 119 22:00:45,2012 119 22:05:09,1321,4411,-59,38.482951,23.194706,14.611,-42.865563,172.545801,-42.879603,172.643054,-44.03645,172.195059,-44.050497,172.29376,WGS84,WGS84,30.0,UTM,SRTM-2,40,80,Y,Y,N,NEW ZEALAND,1321x4411
774,NEWZELAND,EO1H0730902012142110KX,L1GST,EO1,HYPERION,2012-05-21,2012 142 21:41:27,2012 142 21:45:46,1311,3491,-59,39.609888,15.904,-15.169,-42.986733,172.555095,-43.004017,172.651525,-43.904853,172.200647,-43.922411,172.298833,WGS84,WGS84,30.0,UTM,SRTM-2,40,80,Y,Y,N,NEW ZEALAND,1311x3491
775,NEWZELAND,EO1H0730902012150110K7,L1GST,EO1,HYPERION,2012-05-29,2012 150 21:47:17,2012 150 21:51:37,1211,3491,-59,37.665106,15.336228,-4.2278,-43.018295,172.763161,-43.033085,172.852626,-43.939657,172.437963,-43.954945,172.529114,WGS84,WGS84,30.0,UTM,SRTM-2,40,80,Y,Y,N,NEW ZEALAND,1211x3491
776,NEWZELAND,EO1H0730902012155110KX,L1GST,EO1,HYPERION,2012-06-03,2012 155 21:38:44,2012 155 21:43:04,1351,3491,-59,39.473217,13.671717,-18.562,-42.940669,172.565333,-42.959506,172.66578,-43.855951,172.201903,-43.875078,172.304523,WGS84,WGS84,30.0,UTM,SRTM-2,40,80,Y,Y,N,NEW ZEALAND,1351x3491
777,NEWZELAND,EO1H0730902012265110K7,L1GST,EO1,HYPERION,2012-09-21,2012 265 21:40:45,2012 265 21:45:05,1251,3491,-59,50.250658,33.493308,-9.5186,-43.129083,172.725771,-43.14495,172.817267,-44.049421,172.385943,-44.065799,172.479525,WGS84,WGS84,30.0,UTM,SRTM-2,40,80,Y,Y,N,NEW ZEALAND,1251x3491
778,NEWZELAND,EO1H0730902013004110K7,L1GST,EO1,HYPERION,2013-01-04,2013 004 21:40:38,2013 004 21:44:58,1191,3431,-59,73.448936,48.941045,-3.9316,-43.087883,172.734935,-43.102694,172.824495,-43.99585,172.415375,-44.010884,172.506599,WGS84,WGS84,30.0,UTM,SRTM-2,40,80,Y,Y,N,NEW ZEALAND,1191x3431
779,NEWZELAND,EO1H0730902013025110K7,L1GST,EO1,HYPERION,2013-01-25,2013 025 21:39:19,2013 025 21:43:39,1191,3421,-59,71.270173,44.882589,-4.7012,-43.046523,172.745738,-43.061584,172.835984,-43.95048,172.4257,-43.965767,172.517611,WGS84,WGS84,30.0,UTM,SRTM-2,40,80,Y,Y,N,NEW ZEALAND,1191x3421
780,NEWZELAND,EO1H0730902013291110K7,L1GST,EO1,HYPERION,2013-10-18,2013 291 21:23:45,2013 291 21:28:05,1231,3431,-59,60.147225,40.260479,-9.5494,-43.188539,172.706034,-43.204667,172.799096,-44.092788,172.373462,-44.109156,172.468606,WGS84,WGS84,30.0,UTM,SRTM-2,40,80,Y,Y,N,NEW ZEALAND,1231x3431
781,NEWZELAND,EO1H0730902013299110K7,L1GST,EO1,HYPERION,2013-10-26,2013 299 21:26:01,2013 299 21:30:21,1211,3481,-59,61.726452,42.969464,-5.3224,-43.167681,172.709882,-43.182761,172.800669,-44.086725,172.383441,-44.102309,172.475935,WGS84,WGS84,30.0,UTM,SRTM-2,40,80,Y,Y,N,NEW ZEALAND,1211x3481
782,NEWZELAND,EO1H0730902014149110K7,L1GST,EO1,HYPERION,2014-05-29,2014 149 21:10:09,2014 149 21:14:29,1251,3471,-59,45.265274,10.967994,-9.4287,-43.007899,172.7717,-43.023972,172.864872,-43.926174,172.436145,-43.942494,172.531038,WGS84,WGS84,30.0,UTM,SRTM-2,40,80,Y,Y,N,NEW ZEALAND,1251x3471
783,NEWZELAND,EO1H0730902015009110K7,L1GST,EO1,HYPERION,2015-01-09,2015 009 20:59:06,2015 009 21:03:26,1151,3421,-59,81.990083,40.908097,-0.7219,-43.067548,172.739889,-43.082067,172.830514,-43.974843,172.432082,-43.989315,172.524008,WGS84,WGS84,30.0,UTM,SRTM-2,40,80,Y,Y,N,NEW ZEALAND,1151x3421
784,NEWZELAND,EO1H0730902015025110K7,L1GST,EO1,HYPERION,2015-01-25,2015 025 20:52:18,2015 025 20:56:39,1241,3481,-59,81.189514,36.723389,-9.4015,-43.070366,172.749916,-43.086192,172.842801,-43.991534,172.414899,-44.00788,172.509143,WGS84,WGS84,30.0,UTM,SRTM-2,40,80,Y,Y,N,NEW ZEALAND,1241x3481
785,NEWZELAND,EO1H0730902015033110K8,L1GST,EO1,HYPERION,2015-02-02,2015 033 20:48:53,2015 033 20:53:13,1271,3431,-59,80.161628,34.449925,-13.807,-43.02006,172.771316,-43.037172,172.867115,-43.923257,172.431964,-43.940089,172.529107,WGS84,WGS84,30.0,UTM,SRTM-2,40,80,Y,Y,N,NEW ZEALAND,1271x3431
786,NEWZELAND,EO1H0730902015106110K7,L1GST,EO1,HYPERION,2015-04-16,2015 106 20:48:40,2015 106 20:53:00,1181,3431,-59,56.968524,16.933031,-4.4502,-42.971308,172.779478,-42.986075,172.869612,-43.877745,172.463734,-43.893004,172.555541,WGS84,WGS84,30.0,UTM,SRTM-2,40,80,Y,Y,N,NEW ZEALAND,1181x3431
787,NEWZELAND,EO1H0730902015114110K7,L1GST,EO1,HYPERION,2015-04-24,2015 114 20:44:07,2015 114 20:48:28,1241,3431,-59,55.794448,14.363902,-10.493,-42.951654,172.792519,-42.967976,172.885986,-43.856163,172.461712,-43.872733,172.556506,WGS84,WGS84,30.0,UTM,SRTM-2,40,80,Y,Y,N,NEW ZEALAND,1241x3431
788,NEWZELAND,EO1H0730902015160110K7,L1GST,EO1,HYPERION,2015-06-09,2015 160 20:40:40,2015 160 20:45:00,1251,3491,-59,50.482095,5.748028,-9.6929,-42.986378,172.783224,-43.002197,172.874887,-43.910087,172.448086,-43.926152,172.541084,WGS84,WGS84,30.0,UTM,SRTM-2,40,80,Y,Y,N,NEW ZEALAND,1251x3491
789,NEWZELAND,EO1H0730902015282110K7,L1GST,EO1,HYPERION,2015-10-09,2015 282 20:31:35,2015 282 20:35:55,1191,3421,-59,69.612458,28.745909,-6.2916,-43.1606,172.713745,-43.175431,172.803038,-44.066625,172.392713,-44.081671,172.484415,WGS84,WGS84,30.0,UTM,SRTM-2,40,80,Y,Y,N,NEW ZEALAND,1191x3421
790,NEWZELAND,EO1H0730902015290110K8,L1GST,EO1,HYPERION,2015-10-17,2015 290 20:25:54,2015 290 20:30:14,1281,3481,-59,72.753389,30.23331,-14.05,-43.164837,172.719398,-43.181471,172.813921,-44.082797,172.373231,-44.099686,172.469873,WGS84,WGS84,30.0,UTM,SRTM-2,40,80,Y,Y,N,NEW ZEALAND,1281x3481
791,NEWZELAND,EO1H0730902015320110K7,L1GST,EO1,HYPERION,2015-11-16,2015 320 20:28:23,2015 320 20:32:43,1211,3491,-59,80.399661,37.278147,-5.4239,-43.148934,172.717107,-43.164015,172.807499,-44.073659,172.391752,-44.088976,172.483473,WGS84,WGS84,30.0,UTM,SRTM-2,40,80,Y,Y,N,NEW ZEALAND,1211x3491
792,NEWZELAND,EO1H0730902015328110K8,L1GST,EO1,HYPERION,2015-11-24,2015 328 20:22:26,2015 328 20:26:46,1271,3431,-59,83.622678,37.035535,-13.45,-43.148828,172.724116,-43.16571,172.819729,-44.052675,172.384893,-44.06982,172.481869,WGS84,WGS84,30.0,UTM,SRTM-2,40,80,Y,Y,N,NEW ZEALAND,1271x3431
793,NEWZELAND,EO1H0730902016031110K7,L1GST,EO1,HYPERION,2016-01-31,2016 031 20:18:32,2016 031 20:22:51,1221,3441,-59,86.298502,29.454373,-8.8141,-43.068752,172.749503,-43.084325,172.841272,-43.977661,172.422797,-43.993215,172.515132,WGS84,WGS84,30.0,UTM,SRTM-2,40,80,Y,Y,N,NEW ZEALAND,1221x3441
794,NEWZELAND,EO1H0730902016034110K6,L1GST,EO1,HYPERION,2016-02-03,2016 034 20:28:18,2016 034 20:32:38,1121,3501,-59,83.842396,30.578871,7.6156,-43.068817,172.727401,-43.082273,172.817623,-43.996947,172.435604,-44.010331,172.52791,WGS84,WGS84,30.0,UTM,SRTM-2,40,80,Y,Y,N,NEW ZEALAND,1121x3501
795,NEWZELAND,EO1H0730902016045110K5,L1GST,EO1,HYPERION,2016-02-14,2016 045 20:31:38,2016 045 20:35:59,1111,3581,-59,80.30444,28.757183,14.693,-43.055725,172.717829,-43.069371,172.813557,-44.003661,172.438757,-44.017506,172.536694,WGS84,WGS84,30.0,UTM,SRTM-2,40,80,Y,Y,N,NEW ZEALAND,1111x3581
796,NEWZELAND,EO1H0730902016050110K7,L1GST,EO1,HYPERION,2016-02-19,2016 050 20:15:24,2016 050 20:19:44,1241,3491,-59,81.844078,24.740485,-10.597,-43.041833,172.760889,-43.057656,172.853366,-43.962782,172.424687,-43.97886,172.518135,WGS84,WGS84,30.0,UTM,SRTM-2,40,80,Y,Y,N,NEW ZEALAND,1241x3491
797,NEWZELAND,EO1H0730902016254110K8,L1GST,EO1,HYPERION,2016-09-10,2016 254 19:46:34,2016 254 19:50:53,1341,3441,-59,72.206903,11.5223,-19.747,-43.075383,172.757433,-43.094292,172.859635,-43.978718,172.402996,-43.99792,172.506642,WGS84,WGS84,30.0,UTM,SRTM-2,40,80,Y,Y,N,NEW ZEALAND,1341x3441
798,NEWZELAND,EO1H0730902016295110K8,L1GST,EO1,HYPERION,2016-10-21,2016 295 19:46:04,2016 295 19:50:24,1281,3481,-59,81.681304,24.580948,-13.325,-43.128409,172.734606,-43.144756,172.829437,-44.046923,172.3915,-44.063527,172.488081,WGS84,WGS84,30.0,UTM,SRTM-2,40,80,Y,Y,N,NEW ZEALAND,1281x3481
799,NEWZELAND,EO1H0730902016325110K8,L1GST,EO1,HYPERION,2016-11-20,2016 325 19:42:57,2016 325 19:47:17,1251,3431,-59,89.910739,29.635107,-12.439,-43.187916,172.711557,-43.204544,172.80685,-44.091947,172.376067,-44.108558,172.473091,WGS84,WGS84,30.0,UTM,SRTM-2,40,80,Y,Y,N,NEW ZEALAND,1251x3431
800,NEWZELAND,EO1H0730902016355110K8,L1GST,EO1,HYPERION,2016-12-20,2016 355 19:39:29,2016 355 19:43:49,1241,3431,-59,95.687791,29.039043,-12.204,-43.116202,172.737948,-43.132294,172.831646,-44.020836,172.404366,-44.037444,172.499784,WGS84,WGS84,30.0,UTM,SRTM-2,40,80,Y,Y,N,NEW ZEALAND,1241x3431
801,NEWZELAND,EO1H0730902017014110K5,L1GST,EO1,HYPERION,2017-01-14,2017 014 19:52:33,2017 014 19:56:53,1081,3451,-59,93.381066,27.936446,13.774,-43.104021,172.703699,-43.117419,172.798752,-44.017502,172.433479,-44.031097,172.530307,WGS84,WGS84,30.0,UTM,SRTM-2,40,80,Y,Y,N,NEW ZEALAND,1081x3451
802,NEWZELAND,EO1H0730902017016110K9,L1GST,EO1,HYPERION,2017-01-16,2017 016 19:26:22,2017 016 19:30:42,1421,3431,-59,97.485068,22.856024,-26.131,-43.091141,172.751623,-43.113383,172.865008,-43.987098,172.380374,-44.009953,172.495342,WGS84,WGS84,30.0,UTM,SRTM-2,40,80,Y,Y,N,NEW ZEALAND,1421x3431
803,NEWZELAND,EO1H0730902017041110K7,L1GST,EO1,HYPERION,2017-02-10,2017 041 19:39:09,2017 041 19:43:28,1151,3421,-59,90.613439,20.02886,-2.3927,-43.073516,172.738214,-43.08779,172.827367,-43.980551,172.429226,-43.99531,172.520046,WGS84,WGS84,30.0,UTM,SRTM-2,40,80,Y,Y,N,NEW ZEALAND,1151x3421
804,NEWZELAND,EO1H0730902017063110K6,L1GST,EO1,HYPERION,2017-03-04,2017 063 19:42:20,2017 063 19:46:41,1111,3441,-59,83.447267,15.685995,7.2928,-43.047407,172.731959,-43.0611,172.823997,-43.957909,172.447002,-43.971805,172.540756,WGS84,WGS84,30.0,UTM,SRTM-2,40,80,Y,Y,N,NEW ZEALAND,1111x3441
805,NEWZELAND,EO1H0740892002365111KP,L1GST,EO1,HYPERION,2002-12-31,2002 365 22:08:33,2002 365 22:10:00,1981,7121,-59,68.456163,53.557673,8.2218,-42.183542,171.897668,-42.197913,171.989756,-44.088794,171.287739,-44.103904,171.384097,WGS84,WGS84,30.0,UTM,SRTM-2,40,80,Y,Y,N,NEW ZEALAND,1981x7121
806,NEWZELAND,EO1H0750902012093110KZ,L1GST,EO1,HYPERION,2012-04-02,2012 093 22:05:12,2012 093 22:09:32,1051,3521,-59,46.176776,29.659096,5.388,-43.144129,170.086945,-43.158599,170.178894,-44.069165,169.782416,-44.083626,169.876082,WGS84,WGS84,30.0,UTM,SRTM-2,40,80,Y,Y,N,NEW ZEALAND,1051x3521
807,NEWZELAND,EO1H0750902013036110KF,L1GST,EO1,HYPERION,2013-02-05,2013 036 21:57:13,2013 036 22:01:31,971,3241,-59,66.867517,43.610857,7.4332,-43.100521,170.024008,-43.114777,170.11661,-43.950374,169.749888,-43.964597,169.844105,WGS84,WGS84,30.0,UTM,SRTM-2,40,80,Y,Y,N,NEW ZEALAND,971x3241
808,NEWZELAND,EO1H0750912012127110KF,L1GST,EO1,HYPERION,2012-05-06,2012 127 22:07:24,2012 127 22:11:43,961,3291,-59,37.898841,19.319837,9.6468,-44.696724,169.585046,-44.710812,169.679288,-45.561359,169.301989,-45.575978,169.398345,WGS84,WGS84,30.0,UTM,SRTM-2,40,80,Y,Y,N,NEW ZEALAND,961x3291
809,NEWZELAND,EO1H0750912014056110KF,L1GST,EO1,HYPERION,2014-02-25,2014 056 21:24:16,2014 056 21:28:36,1171,3441,-59,67.619407,32.472786,-13.331,-44.628834,169.643415,-44.646715,169.743167,-45.52951,169.284895,-45.547437,169.384955,WGS84,WGS84,30.0,UTM,SRTM-2,40,80,Y,Y,N,NEW ZEALAND,1171x3441
810,NEWZELAND,EO1H0760922009334110T3,L1GST,EO1,HYPERION,2009-11-30,2009 334 22:09:44,2009 334 22:14:01,1271,3411,-58,62.174365,50.999102,-4.2732,-46.698871,167.580127,-46.714738,167.676589,-47.601077,167.222182,-47.617209,167.320605,WGS84,WGS84,30.0,UTM,SRTM-2,40,80,Y,Y,N,NEW ZEALAND,1271x3411
811,NEWZELAND,EO1H0760922014251110PS,L1GST,EO1,HYPERION,2014-09-08,2014 251 21:22:30,2014 251 21:26:51,1021,3501,-59,55.449232,21.864273,-2.6641,-45.686386,168.20453,-45.701884,168.298853,-46.603122,167.862225,-46.618948,167.958396,WGS84,WGS84,30.0,UTM,SRTM-2,40,80,Y,Y,N,NEW ZEALAND,1021x3501
812,NEWZELAND,EO1H0770922003014111PP,L1GST,EO1,HYPERION,2003-01-14,2003 014 22:21:49,2003 014 22:23:15,2141,6851,-58,65.780451,49.352032,5.5842,-45.198221,167.400964,-45.213153,167.497826,-47.036701,166.74806,-47.05213,166.848453,WGS84,WGS84,30.0,UTM,SRTM-2,40,80,Y,Y,N,NEW ZEALAND,2141x6851
813,NEWZELAND,EO1H0770922003078110PP,L1GST,EO1,HYPERION,2003-03-19,2003 078 22:22:06,2003 078 22:23:32,2131,6861,-58,48.790102,32.827986,5.3938,-45.180828,167.380375,-45.195779,167.477203,-47.019731,166.727768,-47.035184,166.827729,WGS84,WGS84,30.0,UTM,SRTM-2,40,80,Y,Y,N,NEW ZEALAND,2131x6861
814,SOUTH KOREA,EO1H1140342012048110KI,L1GST,EO1,HYPERION,2012-02-17,2012 048 01:36:21,2012 048 01:40:41,1011,3471,52,144.70939,33.039384,-10.025,37.961327,129.275807,37.948125,129.360014,37.040897,129.024736,37.027603,129.108634,WGS84,WGS84,30.0,UTM,SRTM-2,40,80,Y,Y,N,SOUTH KOREA,1011x3471
815,SOUTH KOREA,EO1H1140352002351110PZ,L1GST,EO1,HYPERION,2002-12-17,2002 351 01:47:57,2002 351 01:49:06,991,3171,52,156.023327,26.890971,-4.2251,36.28989,128.696013,36.276012,128.778822,35.452184,128.460093,35.438192,128.542405,WGS84,WGS84,30.0,UTM,SRTM-2,40,80,Y,Y,N,SOUTH KOREA,991x3171
816,SOUTH KOREA,EO1H1140352003354110PY,L1GST,EO1,HYPERION,2003-12-20,2003 354 01:48:36,2003 354 01:49:45,991,3171,52,156.086877,27.555686,-0.1605,35.553738,129.06259,35.539607,129.14391,34.716641,128.824329,34.702667,128.90519,WGS84,WGS84,30.0,UTM,SRTM-2,40,80,Y,Y,N,SOUTH KOREA,991x3171
817,SOUTH KOREA,EO1H1150342004259110KZ,L1GST,EO1,HYPERION,2004-09-15,2004 259 02:00:08,2004 259 02:01:17,1141,3381,52,145.221148,50.806303,7.1549,37.4771,127.604511,37.462122,127.689178,36.583352,127.328298,36.568281,127.41236,WGS84,WGS84,30.0,UTM,SRTM-2,40,80,Y,Y,N,SOUTH KOREA,1141x3381
818,SOUTH KOREA,EO1H1150342004268110PZ,L1GST,EO1,HYPERION,2004-09-24,2004 268 01:54:00,2004 268 01:55:09,1031,3171,52,146.57724,47.37878,-3.5469,37.418111,127.578155,37.404224,127.662056,36.58159,127.337725,36.567855,127.421078,WGS84,WGS84,30.0,UTM,SRTM-2,40,80,Y,Y,N,SOUTH KOREA,1031x3171
819,SOUTH KOREA,EO1H1150352002246110PZ,L1GST,EO1,HYPERION,2002-09-03,2002 246 01:53:52,2002 246 01:55:01,1031,3171,52,135.865065,54.910271,0.1413,35.603238,127.565688,35.589303,127.647061,34.76602,127.327601,34.752502,127.408823,WGS84,WGS84,30.0,UTM,SRTM-2,40,80,Y,Y,N,SOUTH KOREA,1031x3171
820,SOUTH KOREA,EO1H1150352003265110PZ,L1GST,EO1,HYPERION,2003-09-22,2003 265 01:54:07,2003 265 01:55:16,1031,3161,52,144.361917,49.707002,-0.0024,35.621081,127.55369,35.607159,127.635004,34.784112,127.315921,34.770061,127.396767,WGS84,WGS84,30.0,UTM,SRTM-2,40,80,Y,Y,N,SOUTH KOREA,1031x3161
821,SOUTH KOREA,EO1H1150362002326110PZ,L1GST,EO1,HYPERION,2002-11-22,2002 326 01:54:04,2002 326 01:55:13,1031,3171,52,156.847069,31.328371,-4.0096,35.61666,126.998983,35.60286,127.081371,34.779056,126.766609,34.765379,126.847852,WGS84,WGS84,30.0,UTM,SRTM-2,40,80,Y,Y,N,SOUTH KOREA,1031x3171
822,SOUTH KOREA,EO1H1150362005110110PY,L1GST,EO1,HYPERION,2005-04-20,2005 110 01:53:56,2005 110 01:58:16,1121,3491,52,131.048898,58.434371,-2.7242,35.043823,127.064684,35.030219,127.145822,34.116331,126.807928,34.1026,126.888526,WGS84,WGS84,30.0,UTM,SRTM-2,40,80,Y,Y,N,SOUTH KOREA,1121x3491
823,SOUTH KOREA,EO1H1150372004204110PZ,L1GST,EO1,HYPERION,2004-07-22,2004 204 01:55:23,2004 204 01:56:32,1041,3161,52,113.131195,63.307882,-3.4678,33.969275,126.609214,33.95567,126.689691,33.131046,126.38264,33.117553,126.46236,WGS84,WGS84,30.0,UTM,SRTM-2,40,80,Y,Y,N,SOUTH KOREA,1041x3161
824,SOUTH KOREA,EO1H1160332005346110KF,L1GST,EO1,HYPERION,2005-12-12,2005 346 01:51:09,2005 346 01:55:28,1041,3231,52,156.740584,25.003642,-10.547,38.773483,127.279874,38.759876,127.367467,37.919752,127.039125,37.906051,127.127097,WGS84,WGS84,30.0,UTM,SRTM-2,40,80,Y,Y,N,SOUTH KOREA,1041x3231
825,SOUTH KOREA,EO1H1160342002093110PZ,L1GST,EO1,HYPERION,2002-04-03,2002 093 02:00:08,2002 093 02:01:17,1071,3151,52,140.358379,51.098967,2.361,38.002637,127.081077,37.988033,127.16507,37.167423,126.827987,37.152977,126.911417,WGS84,WGS84,30.0,UTM,SRTM-2,40,80,Y,Y,N,SOUTH KOREA,1071x3151
826,SOUTH KOREA,EO1H1160342009316110KD,L1GST,EO1,HYPERION,2009-11-12,2009 316 02:05:13,2009 316 02:09:33,1281,3501,52,160.034791,33.267685,18.051,37.143727,126.877713,37.126124,126.968291,36.216726,126.574603,36.199573,126.663471,WGS84,WGS84,30.0,UTM,SRTM-2,40,80,Y,Y,N,SOUTH KOREA,1281x3501
827,SOUTH KOREA,EO1H1160342009357110PJ,L1GST,EO1,HYPERION,2009-12-23,2009 357 01:56:23,2009 357 02:00:43,1131,3441,52,156.023587,25.212597,-0.7222,37.939851,126.566232,37.926391,126.648511,37.027012,126.297526,37.013702,126.378838,WGS84,WGS84,30.0,UTM,SRTM-2,40,80,Y,Y,N,SOUTH KOREA,1131x3441
828,SOUTH KOREA,EO1H1160342010013110KF,L1GST,EO1,HYPERION,2010-01-13,2010 013 02:10:58,2010 013 02:15:17,1271,3221,52,156.467878,27.393091,23.447,37.93346,126.57089,37.91307,126.671801,37.087942,126.278488,37.067761,126.378318,WGS84,WGS84,30.0,UTM,SRTM-2,40,80,Y,Y,N,SOUTH KOREA,1271x3221
829,SOUTH KOREA,EO1H1160342010250110Py,L1GST,EO1,HYPERION,2010-09-07,2010 250 01:58:43,2010 250 02:03:03,1191,3501,52,141.818153,52.574345,7.6257,38.203347,127.243688,38.188366,127.328241,37.277002,126.953748,37.262205,127.037633,WGS84,WGS84,30.0,UTM,SRTM-2,40,80,Y,Y,N,SOUTH KOREA,1191x3501
830,SOUTH AFRICA,EO1H1680772012216110K1,L1GST,EO1,HYPERION,2012-08-03,2012 216 07:17:59,2012 216 07:22:20,1201,3921,-36,46.612004,32.357244,-20.229,-24.484803,31.586669,-24.501268,31.669904,-25.519926,31.313213,-25.536576,31.397393,WGS84,WGS84,30.0,UTM,SRTM-2,40,80,Y,Y,N,SOUTH AFRICA,1201x3921
831,SOUTH AFRICA,EO1H1680772012232110P0,L1GST,EO1,HYPERION,2012-08-19,2012 232 07:28:42,2012 232 07:33:04,1051,3911,-36,47.781558,38.07157,1.6225,-24.464463,31.584227,-24.477574,31.655644,-25.503113,31.335236,-25.516101,31.407518,WGS84,WGS84,30.0,UTM,SRTM-2,40,80,Y,Y,N,SOUTH AFRICA,1051x3911
832,SOUTH AFRICA,EO1H1680772012237110K1,L1GST,EO1,HYPERION,2012-08-24,2012 237 07:19:54,2012 237 07:24:15,1171,3981,-36,50.925135,37.92042,-15.827,-24.491561,31.585109,-24.50662,31.662444,-25.546182,31.311951,-25.561424,31.391094,WGS84,WGS84,30.0,UTM,SRTM-2,40,80,Y,Y,N,SOUTH AFRICA,1171x3981
833,SOUTH AFRICA,EO1H1680772012253110K0,L1GST,EO1,HYPERION,2012-09-09,2012 253 07:30:22,2012 253 07:34:43,1041,3921,-36,52.951147,44.74354,6.375,-24.493092,31.575029,-24.505944,31.64735,-25.533402,31.331236,-25.546399,31.404131,WGS84,WGS84,30.0,UTM,SRTM-2,40,80,Y,Y,N,SOUTH AFRICA,1041x3921
834,SOUTH AFRICA,EO1H1680772012271110K1,L1GST,EO1,HYPERION,2012-09-27,2012 271 07:17:35,2012 271 07:21:56,1181,3931,-36,62.146699,47.97448,-18.144,-24.504007,31.583493,-24.519906,31.663785,-25.542381,31.311109,-25.558194,31.392928,WGS84,WGS84,30.0,UTM,SRTM-2,40,80,Y,Y,N,SOUTH AFRICA,1181x3931
835,SOUTH AFRICA,EO1H1680772012274110K0,L1GST,EO1,HYPERION,2012-09-30,2012 274 07:31:37,2012 274 07:35:59,1051,3981,-36,60.048979,51.677643,10.194,-24.490084,31.572105,-24.503228,31.646492,-25.546651,31.32926,-25.559672,31.404252,WGS84,WGS84,30.0,UTM,SRTM-2,40,80,Y,Y,N,SOUTH AFRICA,1051x3981
836,SOUTH AFRICA,EO1H1680772012321110P0,L1GST,EO1,HYPERION,2012-11-16,2012 321 07:23:25,2012 321 07:27:47,1061,3861,-36,85.29595,58.545807,-3.3545,-24.542073,31.569735,-24.555477,31.642671,-25.56414,31.319165,-25.577692,31.392668,WGS84,WGS84,30.0,UTM,SRTM-2,40,80,Y,Y,N,SOUTH AFRICA,1061x3861
837,SOUTH AFRICA,EO1H1680772013010110K1,L1GST,EO1,HYPERION,2013-01-10,2013 010 07:16:52,2013 010 07:21:14,1131,3921,-36,93.775932,52.727071,-12.572,-24.469682,31.591865,-24.483904,31.666828,-25.508168,31.327107,-25.52282,31.402654,WGS84,WGS84,30.0,UTM,SRTM-2,40,80,Y,Y,N,SOUTH AFRICA,1131x3921
838,SOUTH AFRICA,EO1H1680772013068110P0,L1GST,EO1,HYPERION,2013-03-09,2013 068 07:21:40,2013 068 07:26:01,1051,3911,-36,68.531805,46.27483,2.0142,-24.429877,31.593788,-24.44272,31.666076,-25.46884,31.346152,-25.481831,31.419309,WGS84,WGS84,30.0,UTM,SRTM-2,40,80,Y,Y,N,SOUTH AFRICA,1051x3911
839,SOUTH AFRICA,EO1H1680772013123110K1,L1GST,EO1,HYPERION,2013-05-03,2013 123 07:10:22,2013 123 07:14:44,1151,3921,-36,47.629683,33.930692,-15.763,-24.351327,31.624522,-24.36609,31.701484,-25.390688,31.357055,-25.405618,31.434915,WGS84,WGS84,30.0,UTM,SRTM-2,40,80,Y,Y,N,SOUTH AFRICA,1151x3921
840,SOUTH AFRICA,EO1H1680772013205110K0,L1GST,EO1,HYPERION,2013-07-24,2013 205 07:17:48,2013 205 07:22:11,1041,3931,-36,44.763165,30.557587,7.1791,-24.417237,31.603691,-24.430082,31.67686,-25.45872,31.361502,-25.47171,31.435251,WGS84,WGS84,30.0,UTM,SRTM-2,40,80,Y,Y,N,SOUTH AFRICA,1041x3931
841,SOUTH AFRICA,EO1H1680772013242110K0,L1GST,EO1,HYPERION,2013-08-30,2013 242 07:18:13,2013 242 07:22:34,1031,3921,-36,52.790732,39.338328,11.707,-24.505225,31.568974,-24.518102,31.643667,-25.546685,31.332245,-25.559708,31.407534,WGS84,WGS84,30.0,UTM,SRTM-2,40,80,Y,Y,N,SOUTH AFRICA,1031x3921
842,SOUTH AFRICA,EO1H1680772013263110P0,L1GST,EO1,HYPERION,2013-09-20,2013 263 07:12:45,2013 263 07:17:07,1071,4031,-36,60.519648,44.822736,2.7646,-24.467725,31.585374,-24.48084,31.657386,-25.538009,31.331471,-25.551003,31.404072,WGS84,WGS84,30.0,UTM,SRTM-2,40,80,Y,Y,N,SOUTH AFRICA,1071x4031
843,SOUTH AFRICA,EO1H1680772013276110K1,L1GST,EO1,HYPERION,2013-10-03,2013 276 07:04:38,2013 276 07:09:00,1121,3911,-36,67.171523,46.9791,-12.213,-24.527804,31.579078,-24.542315,31.655253,-25.563557,31.315591,-25.578237,31.39296,WGS84,WGS84,30.0,UTM,SRTM-2,40,80,Y,Y,N,SOUTH AFRICA,1121x3911
844,SOUTH AFRICA,EO1H1680772013279110K0,L1GST,EO1,HYPERION,2013-10-06,2013 279 07:17:42,2013 279 07:22:04,1031,3911,-36,65.713148,50.526022,14.223,-24.536019,31.559744,-24.549472,31.637703,-25.573974,31.326491,-25.587301,31.404478,WGS84,WGS84,30.0,UTM,SRTM-2,40,80,Y,Y,N,SOUTH AFRICA,1031x3911
845,SOUTH AFRICA,EO1H1680772013284110P0,L1GST,EO1,HYPERION,2013-10-11,2013 284 07:07:02,2013 284 07:11:24,1091,3921,-36,70.11492,49.585022,-6.5937,-24.546969,31.571754,-24.56065,31.64558,-25.585214,31.314691,-25.59905,31.389099,WGS84,WGS84,30.0,UTM,SRTM-2,40,80,Y,Y,N,SOUTH AFRICA,1091x3921
846,SOUTH AFRICA,EO1H1680772013305110K1,L1GST,EO1,HYPERION,2013-11-01,2013 305 07:00:53,2013 305 07:05:15,1161,3921,-36,81.147399,52.26165,-16.365,-24.526185,31.57969,-24.541536,31.659113,-25.56135,31.312036,-25.577151,31.392673,WGS84,WGS84,30.0,UTM,SRTM-2,40,80,Y,Y,N,SOUTH AFRICA,1161x3921
847,SOUTH AFRICA,EO1H1680772014110110P0,L1GST,EO1,HYPERION,2014-04-20,2014 110 06:58:14,2014 110 07:02:36,1071,3981,-36,54.201462,34.32017,-1.1732,-24.396683,31.607464,-24.409508,31.678555,-25.453481,31.353222,-25.466456,31.425181,WGS84,WGS84,30.0,UTM,SRTM-2,40,80,Y,Y,N,SOUTH AFRICA,1071x3981
848,SOUTH AFRICA,EO1H1680772014198110P0,L1GST,EO1,HYPERION,2014-07-17,2014 198 06:50:37,2014 198 06:54:59,1071,3921,-36,48.699772,25.141114,-4.5717,-24.42616,31.601815,-24.439261,31.673214,-25.468315,31.347649,-25.481296,31.419914,WGS84,WGS84,30.0,UTM,SRTM-2,40,80,Y,Y,N,SOUTH AFRICA,1071x3921
849,SOUTH AFRICA,EO1H1680772014257110K0,L1GST,EO1,HYPERION,2014-09-14,2014 257 06:54:04,2014 257 06:58:26,1031,3921,-36,62.205879,39.214838,10.978,-24.480375,31.576654,-24.493526,31.652218,-25.518075,31.340996,-25.531374,31.417159,WGS84,WGS84,30.0,UTM,SRTM-2,40,80,Y,Y,N,SOUTH AFRICA,1031x3921
850,SOUTH AFRICA,EO1H1680772016184110KF,L1GST,EO1,HYPERION,2016-07-02,2016 184 05:33:32,2016 184 05:37:50,1101,3311,-36,58.438901,10.3556,-25.988,-24.483546,31.597058,-24.501969,31.688252,-25.353125,31.364418,-25.371993,31.456797,WGS84,WGS84,30.0,UTM,SRTM-2,40,80,Y,Y,N,SOUTH AFRICA,1101x3311
851,SOUTH AFRICA,EO1H1680802016021110PE,L1GST,EO1,HYPERION,2016-01-21,2016 021 06:01:38,2016 021 06:05:58,971,3521,-36,94.815152,34.579937,-3.8729,-29.281778,31.091831,-29.294998,31.166239,-30.212443,30.852787,-30.225571,30.928778,WGS84,WGS84,30.0,UTM,SRTM-2,40,80,Y,Y,N,SOUTH AFRICA,971x3521
852,SOUTH AFRICA,EO1H1690762013097110T2,L1GST,EO1,HYPERION,2013-04-07,2013 097 07:22:53,2013 097 07:27:12,951,3471,-36,55.159659,41.805428,3.1995,-23.269652,31.304216,-23.282317,31.374951,-24.190598,31.089014,-24.203393,31.160509,WGS84,WGS84,30.0,UTM,SRTM-2,40,80,Y,Y,N,SOUTH AFRICA,951x3471
853,SOUTH AFRICA,EO1H1690762013126110T2,L1GST,EO1,HYPERION,2013-05-06,2013 126 07:23:31,2013 126 07:27:50,951,3491,-36,44.890133,36.146696,7.3332,-23.233666,31.308484,-23.24634,31.380372,-24.157106,31.096596,-24.169911,31.169253,WGS84,WGS84,30.0,UTM,SRTM-2,40,80,Y,Y,N,SOUTH AFRICA,951x3491
854,SOUTH AFRICA,EO1H1690762013129110T0,L1GST,EO1,HYPERION,2013-05-09,2013 129 07:36:57,2013 129 07:41:16,991,3511,-36,41.143982,37.650735,31.533,-23.226783,31.273427,-23.243871,31.377473,-24.151295,31.086644,-24.16829,31.192273,WGS84,WGS84,30.0,UTM,SRTM-2,40,80,Y,Y,N,SOUTH AFRICA,991x3511
855,SOUTH AFRICA,EO1H1690762015126110T2,L1GST,EO1,HYPERION,2015-05-06,2015 126 06:34:55,2015 126 06:39:15,951,3541,-36,54.430925,27.723713,6.7693,-23.247499,31.310067,-23.260183,31.382841,-24.184191,31.096489,-24.197274,31.169747,WGS84,WGS84,30.0,UTM,SRTM-2,40,80,Y,Y,N,SOUTH AFRICA,951x3541
856,SOUTH AFRICA,EO1H1690762015172110T2,L1GST,EO1,HYPERION,2015-06-21,2015 172 06:30:49,2015 172 06:35:08,941,3481,-36,50.040468,21.644498,6.8864,-23.224529,31.315342,-23.237197,31.386932,-24.146922,31.105307,-24.159448,31.177668,WGS84,WGS84,30.0,UTM,SRTM-2,40,80,Y,Y,N,SOUTH AFRICA,941x3481
857,SOUTH AFRICA,EO1H1690762015199110T2,L1GST,EO1,HYPERION,2015-07-18,2015 199 06:25:19,2015 199 06:29:39,961,3541,-36,53.579692,21.288746,0.4756,-23.266653,31.302493,-23.279313,31.372641,-24.206242,31.083759,-24.218491,31.154681,WGS84,WGS84,30.0,UTM,SRTM-2,40,80,Y,Y,N,SOUTH AFRICA,961x3541
858,SOUTH AFRICA,EO1H1690762016081110T7,L1GST,EO1,HYPERION,2016-03-21,2016 081 06:00:04,2016 081 06:04:24,961,3521,-36,76.467249,27.038534,-0.9839,-23.237226,31.311953,-23.249884,31.38238,-24.169791,31.092866,-24.182579,31.164056,WGS84,WGS84,30.0,UTM,SRTM-2,40,80,Y,Y,N,SOUTH AFRICA,961x3521
859,SOUTH AFRICA,EO1H1690762016179110T7,L1GST,EO1,HYPERION,2016-06-27,2016 179 05:49:42,2016 179 05:54:02,941,3481,-36,56.329428,13.927426,0.044,-23.226627,31.308864,-23.239015,31.379286,-24.148419,31.094956,-24.160928,31.165547,WGS84,WGS84,30.0,UTM,SRTM-2,40,80,Y,Y,N,SOUTH AFRICA,941x3481
860,SOUTH AFRICA,EO1H1690762016239110T7,L1GST,EO1,HYPERION,2016-08-26,2016 239 05:45:41,2016 239 05:50:00,931,3481,-36,68.225048,20.307177,5.9338,-23.301226,31.292965,-23.313912,31.365178,-24.223029,31.083213,-24.235838,31.155608,WGS84,WGS84,30.0,UTM,SRTM-2,40,80,Y,Y,N,SOUTH AFRICA,931x3481
861,SOUTH AFRICA,EO1H1690802012316110PF,L1GST,EO1,HYPERION,2012-11-11,2012 316 07:33:45,2012 316 07:38:04,1021,3231,-35,76.445193,58.336017,7.6117,-28.253905,29.749537,-28.266956,29.825911,-29.110228,29.540503,-29.123614,29.618117,WGS84,WGS84,30.0,UTM,SRTM-2,40,80,Y,Y,N,SOUTH AFRICA,1021x3231
862,SOUTH AFRICA,EO1H1690822016059110KF,L1GST,EO1,HYPERION,2016-02-28,2016 059 05:56:16,2016 059 06:00:35,1141,3241,-35,83.287957,25.502328,-19.716,-31.950837,28.757576,-31.967196,28.843835,-32.803807,28.501764,-32.820565,28.590412,WGS84,WGS84,30.0,UTM,SRTM-2,40,80,Y,Y,N,SOUTH AFRICA,1141x3241
863,SOUTH AFRICA,EO1H1700782013274110KF,L1GST,EO1,HYPERION,2013-10-01,2013 274 07:28:52,2013 274 07:33:10,961,3251,-35,63.204859,47.780325,7.7441,-25.837635,27.796305,-25.849662,27.87115,-26.69512,27.594625,-26.708052,27.67001,WGS84,WGS84,30.0,UTM,SRTM-2,40,80,Y,Y,N,SOUTH AFRICA,961x3251
864,SOUTH AFRICA,EO1H1700782013292110KF,L1GST,EO1,HYPERION,2013-10-19,2013 292 07:09:57,2013 292 07:14:16,1191,3301,-35,74.617618,48.457935,-26.037,-25.863857,27.806063,-25.882805,27.899542,-26.730727,27.564638,-26.750083,27.659689,WGS84,WGS84,30.0,UTM,SRTM-2,40,80,Y,Y,N,SOUTH AFRICA,1191x3301
865,SOUTH AFRICA,EO1H1700782013308110KF,L1GST,EO1,HYPERION,2013-11-04,2013 308 07:14:22,2013 308 07:18:41,1061,3231,-35,80.790551,52.602241,-12.819,-25.909598,28.384708,-25.924007,28.461481,-26.764729,28.162831,-26.779501,28.240759,WGS84,WGS84,30.0,UTM,SRTM-2,40,80,Y,Y,N,SOUTH AFRICA,1061x3231
866,SOUTH AFRICA,EO1H1700812016062110KF,L1GST,EO1,HYPERION,2016-03-02,2016 062 06:05:36,2016 062 06:09:55,1061,3231,-35,82.173847,26.279746,-12.803,-30.368863,27.661284,-30.383324,27.740305,-31.222287,27.426424,-31.236878,27.506745,WGS84,WGS84,30.0,UTM,SRTM-2,40,80,Y,Y,N,SOUTH AFRICA,1061x3231
867,SOUTH AFRICA,EO1H1700812016065110PF,L1GST,EO1,HYPERION,2016-03-05,2016 065 06:15:16,2016 065 06:19:35,961,3241,-35,79.580756,27.927056,6.8401,-30.267147,27.699278,-30.279708,27.775395,-31.124082,27.487345,-31.137029,27.563802,WGS84,WGS84,30.0,UTM,SRTM-2,40,80,Y,Y,N,SOUTH AFRICA,961x3241
868,SOUTH AFRICA,EO1H1710772013316110KF,L1GST,EO1,HYPERION,2013-11-12,2013 316 07:16:17,2013 316 07:20:35,1071,3251,-35,85.820361,52.843959,-17.887,-25.123271,27.270841,-25.138809,27.351754,-25.980414,27.047897,-25.996342,27.129362,WGS84,WGS84,30.0,UTM,SRTM-2,40,80,Y,Y,N,SOUTH AFRICA,1071x3251
869,SOUTH AFRICA,EO1H1710772013356110Pt,L1GST,EO1,HYPERION,2013-12-22,2013 356 07:24:32,2013 356 07:28:52,991,3421,-35,96.849181,53.414583,6.5186,-23.998508,27.8704,-24.011084,27.942381,-24.905044,27.660913,-24.917435,27.733394,WGS84,WGS84,30.0,UTM,SRTM-2,40,80,Y,Y,N,SOUTH AFRICA,991x3421
870,SOUTH AFRICA,EO1H1710782013306110KF,L1GST,EO1,HYPERION,2013-11-02,2013 306 07:38:22,2013 306 07:42:41,961,3301,-35,75.935915,56.131714,22.114,-26.467609,26.805624,-26.482054,26.893402,-27.341287,26.615065,-27.355583,26.704102,WGS84,WGS84,30.0,UTM,SRTM-2,40,80,Y,Y,N,SOUTH AFRICA,961x3301
871,SOUTH AFRICA,EO1H1710792013277110KF,L1GST,EO1,HYPERION,2013-10-04,2013 277 07:42:28,2013 277 07:46:48,1011,3491,-35,60.174949,49.753153,27.565,-27.66999,26.854044,-27.685763,26.953412,-28.589058,26.659087,-28.604705,26.759583,WGS84,WGS84,30.0,UTM,SRTM-2,40,80,Y,Y,N,SOUTH AFRICA,1011x3491
872,SOUTH AFRICA,EO1H1710802014084110KZ,L1GST,EO1,HYPERION,2014-03-25,2014 084 07:24:06,2014 084 07:28:26,971,3481,-35,61.289768,38.202386,11.234,-28.355903,26.42084,-28.368661,26.497538,-29.276516,26.202548,-29.289138,26.280202,WGS84,WGS84,30.0,UTM,SRTM-2,40,80,Y,Y,N,SOUTH AFRICA,971x3481
873,SOUTH AFRICA,EO1H1710802014092110KZ,L1GST,EO1,HYPERION,2014-04-02,2014 092 07:24:11,2014 092 07:28:31,971,3481,-35,57.812317,36.625794,12.389,-28.361306,26.417753,-28.374067,26.495065,-29.281922,26.200964,-29.295089,26.279235,WGS84,WGS84,30.0,UTM,SRTM-2,40,80,Y,Y,N,SOUTH AFRICA,971x3481
874,SOUTH AFRICA,EO1H1710812016060110KF,L1GST,EO1,HYPERION,2016-02-29,2016 060 06:31:35,2016 060 06:35:54,901,3321,-35,80.794006,30.002587,16.931,-30.09735,25.112794,-30.11069,25.19557,-30.973023,24.910374,-30.986255,24.994173,WGS84,WGS84,30.0,UTM,SRTM-2,40,80,Y,Y,N,SOUTH AFRICA,901x3321
875,SOUTH AFRICA,EO1H1710822016073110KF,L1GST,EO1,HYPERION,2016-03-13,2016 073 06:09:04,2016 073 06:13:23,1041,3291,-35,77.604788,23.945754,-12.62,-31.373523,26.309443,-31.388271,26.389716,-32.24156,26.064041,-32.256482,26.146295,WGS84,WGS84,30.0,UTM,SRTM-2,40,80,Y,Y,N,SOUTH AFRICA,1041x3291
876,SOUTH AFRICA,EO1H1710832015078110KF,L1GST,EO1,HYPERION,2015-03-19,2015 078 07:04:11,2015 078 07:08:30,871,3261,-35,66.507758,32.501463,16.754,-32.571866,24.782511,-32.585512,24.867719,-33.43048,24.577558,-33.444299,24.663548,WGS84,WGS84,30.0,UTM,SRTM-2,40,80,Y,Y,N,SOUTH AFRICA,871x3261
877,SOUTH AFRICA,EO1H1730802015040110KF,L1GST,EO1,HYPERION,2015-02-09,2015 040 06:57:30,2015 040 07:01:49,1171,3251,-34,87.034246,36.416674,-23.705,-28.840323,22.520707,-28.858743,22.61254,-29.692689,22.277183,-29.710714,22.369126,WGS84,WGS84,30.0,UTM,SRTM-2,40,80,Y,Y,N,SOUTH AFRICA,1171x3251
878,SOUTH AFRICA,EO1H1730822016052110KF,L1GST,EO1,HYPERION,2016-02-21,2016 052 06:38:25,2016 052 06:42:43,991,3261,-34,83.615888,30.860176,14.097,-30.956622,23.082651,-30.969359,23.163556,-31.818428,22.877626,-31.831263,22.959261,WGS84,WGS84,30.0,UTM,SRTM-2,40,80,Y,Y,N,SOUTH AFRICA,991x3261
879,SOUTH AFRICA,EO1H1750802013285110KF,L1GST,EO1,HYPERION,2013-10-12,2013 285 07:45:19,2013 285 07:49:39,1091,3521,-34,68.280261,47.20512,-14.471,-28.066169,20.309131,-28.081711,20.389567,-28.99453,20.057511,-29.010232,20.13861,WGS84,WGS84,30.0,UTM,SRTM-2,40,80,Y,Y,N,SOUTH AFRICA,1091x3521
880,SOUTH AFRICA,EO1H1750832015295110PI,L1GST,EO1,HYPERION,2015-10-22,2015 295 06:59:53,2015 295 07:04:12,961,3541,-34,76.708991,37.575679,3.3208,-33.472311,18.947036,-33.485475,19.024773,-34.407894,18.698527,-34.421244,18.777065,WGS84,WGS84,30.0,UTM,SRTM-2,40,80,Y,Y,N,SOUTH AFRICA,961x3541
881,SOUTH AFRICA,EO1H1750832015306110KL,L1GST,EO1,HYPERION,2015-11-02,2015 306 07:04:00,2015 306 07:08:20,921,3531,-34,80.394673,40.331137,9.0332,-33.145762,18.461716,-33.158982,18.541005,-34.077844,18.224168,-34.091261,18.304584,WGS84,WGS84,30.0,UTM,SRTM-2,40,80,Y,Y,N,SOUTH AFRICA,921x3531
882,SOUTH AFRICA,EO1H1760802013198110KF,L1GST,EO1,HYPERION,2013-07-17,2013 198 07:53:36,2013 198 07:57:54,1001,3251,-34,44.949597,24.3539,-15.705,-28.758281,19.05628,-28.773771,19.13764,-29.612721,18.821325,-29.628654,18.903304,WGS84,WGS84,30.0,UTM,SRTM-2,40,80,Y,Y,N,SOUTH AFRICA,1001x3251
883,SOUTH AFRICA,EO1H1760802013275110KF,L1GST,EO1,HYPERION,2013-10-02,2013 275 08:06:53,2013 275 08:11:12,891,3321,-34,60.277777,47.07577,15.377,-28.821549,18.787703,-28.835322,18.87001,-29.694918,18.582731,-29.708576,18.665394,WGS84,WGS84,30.0,UTM,SRTM-2,40,80,Y,Y,N,SOUTH AFRICA,891x3321
884,SOUTH AFRICA,EO1H1760802013309110KF,L1GST,EO1,HYPERION,2013-11-05,2013 309 07:52:21,2013 309 07:56:40,951,3241,-34,77.603397,52.10272,-9.1407,-28.84511,18.788423,-28.859337,18.865217,-29.698341,18.562809,-29.712735,18.640505,WGS84,WGS84,30.0,UTM,SRTM-2,40,80,Y,Y,N,SOUTH AFRICA,951x3241
885,SOUTH AFRICA,EO1H1760802013317110PF,L1GST,EO1,HYPERION,2013-11-13,2013 317 07:54:24,2013 317 07:58:42,921,3241,-34,80.674228,53.6478,-2.4113,-28.750425,19.05581,-28.763652,19.130138,-29.605384,18.83604,-29.619036,18.911249,WGS84,WGS84,30.0,UTM,SRTM-2,40,80,Y,Y,N,SOUTH AFRICA,921x3241
886,TURKEY,EO1H1700332013034110K3,L1GST,EO1,HYPERION,2013-02-03,2013 034 07:11:39,2013 034 07:16:09,1661,5731,38,145.302835,27.26882,-8.3499,39.603394,43.349807,39.590244,43.434611,38.068859,42.913924,38.055737,42.998696,WGS84,WGS84,30.0,UTM,SRTM-2,40,80,Y,Y,N,TURKEY,1661x5731
887,TURKEY,EO1H1700332013042110K2,L1GST,EO1,HYPERION,2013-02-11,2013 042 07:15:39,2013 042 07:20:09,1741,5891,38,144.86815,29.885787,-0.6139,39.630999,43.371516,39.617276,43.454967,38.052342,42.897301,38.038909,42.978992,WGS84,WGS84,30.0,UTM,SRTM-2,40,80,Y,Y,N,TURKEY,1741x5891
888,TURKEY,EO1H1700332013092110K2,L1GST,EO1,HYPERION,2013-04-02,2013 092 07:15:31,2013 092 07:20:02,1801,5931,38,135.504572,47.623661,2.9887,39.616251,43.37029,39.602272,43.454779,38.030299,42.881696,38.016359,42.964747,WGS84,WGS84,30.0,UTM,SRTM-2,40,80,Y,Y,N,TURKEY,1801x5931
889,TURKEY,EO1H1700332013097110K3,L1GST,EO1,HYPERION,2013-04-07,2013 097 07:05:40,2013 097 07:10:10,1621,5681,38,131.342791,47.974767,-13.802,39.610297,43.331653,39.596702,43.422413,38.090764,42.92202,38.077678,43.009207,WGS84,WGS84,30.0,UTM,SRTM-2,40,80,Y,Y,N,TURKEY,1621x5681
890,TURKEY,EO1H1700332013118110K3,L1GST,EO1,HYPERION,2013-04-28,2013 118 07:02:54,2013 118 07:07:24,1611,5701,38,124.683634,53.956451,-16.935,39.622341,43.323328,39.608785,43.416549,38.100282,42.92517,38.087504,43.014751,WGS84,WGS84,30.0,UTM,SRTM-2,40,80,Y,Y,N,TURKEY,1611x5701
891,TURKEY,EO1H1700332013205110K3,L1GST,EO1,HYPERION,2013-07-24,2013 205 07:00:19,2013 205 07:04:49,1621,5681,38,114.221435,55.955394,-14.166,39.553665,43.321838,39.540085,43.413223,38.033821,42.912352,38.02077,43.001179,WGS84,WGS84,30.0,UTM,SRTM-2,40,80,Y,Y,N,TURKEY,1621x5681
892,TURKEY,EO1H1700332013213110K3,L1GST,EO1,HYPERION,2013-08-01,2013 213 07:03:10,2013 213 07:07:39,1651,5731,38,117.507534,55.24064,-8.7218,39.538078,43.328141,39.524702,43.414966,38.003794,42.896124,37.990942,42.980132,WGS84,WGS84,30.0,UTM,SRTM-2,40,80,Y,Y,N,TURKEY,1651x5731
893,TURKEY,EO1H1700332014201110K2,L1GST,EO1,HYPERION,2014-07-20,2014 201 06:44:55,2014 201 06:49:26,1731,5891,38,109.227821,53.731302,-2.8164,39.6208,43.367039,39.607355,43.450822,38.041506,42.903591,38.028344,42.985604,WGS84,WGS84,30.0,UTM,SRTM-2,40,80,Y,Y,N,TURKEY,1731x5891
894,TURKEY,EO1H1700332015164110K2,L1GST,EO1,HYPERION,2015-06-13,2015 164 06:18:43,2015 164 06:23:13,1721,5891,38,101.484191,51.496029,-2.1682,39.66861,43.384101,39.655158,43.468288,38.091017,42.920992,38.078115,43.00305,WGS84,WGS84,30.0,UTM,SRTM-2,40,80,Y,Y,N,TURKEY,1721x5891
895,TURKEY,EO1H1700332015202110K2,L1GST,EO1,HYPERION,2015-07-21,2015 202 06:18:21,2015 202 06:22:51,1781,5951,38,103.434503,48.656731,3.317,39.63937,43.380583,39.625631,43.463346,38.044571,42.893592,38.031128,42.974594,WGS84,WGS84,30.0,UTM,SRTM-2,40,80,Y,Y,N,TURKEY,1781x5951
896,TURKEY,EO1H1700332015267110K2,L1GST,EO1,HYPERION,2015-09-24,2015 267 06:10:35,2015 267 06:15:06,1751,5941,38,125.294643,35.365058,0.2636,39.548886,43.346729,39.535188,43.430784,37.956865,42.8722,37.943458,42.954471,WGS84,WGS84,30.0,UTM,SRTM-2,40,80,Y,Y,N,TURKEY,1751x5941
897,TURKEY,EO1H1700332016035110K2,L1GST,EO1,HYPERION,2016-02-04,2016 035 05:56:03,2016 035 06:00:33,1711,5881,38,128.92292,17.277593,-1.6309,39.593672,43.35999,39.580231,43.44374,38.018158,42.898108,38.004988,42.979411,WGS84,WGS84,30.0,UTM,SRTM-2,40,80,Y,Y,N,TURKEY,1711x5881
898,TURKEY,EO1H1700332016182110K2,L1GST,EO1,HYPERION,2016-06-30,2016 182 05:42:05,2016 182 05:46:36,1751,5891,38,94.05648,43.674636,2.4358,39.652977,43.38726,39.639499,43.469681,38.074887,42.910848,38.062238,42.991516,WGS84,WGS84,30.0,UTM,SRTM-2,40,80,Y,Y,N,TURKEY,1751x5891
899,TURKEY,EO1H1700332016280110K2,L1GST,EO1,HYPERION,2016-10-06,2016 280 05:28:20,2016 280 05:32:50,1721,5901,38,120.696883,25.409678,-1.9907,39.513115,43.34025,39.499946,43.423204,37.932394,42.879389,37.919228,42.96026,WGS84,WGS84,30.0,UTM,SRTM-2,40,80,Y,Y,N,TURKEY,1721x5901
900,TURKEY,EO1H1720332016316110Kw,L1GST,EO1,HYPERION,2016-11-11,2016 316 05:44:25,2016 316 05:49:01,1981,7151,37,130.524967,17.745195,13.214,38.937055,40.250597,38.920944,40.338512,37.032496,39.649938,37.017127,39.735085,WGS84,WGS84,30.0,UTM,SRTM-2,40,80,Y,Y,N,TURKEY,1981x7151
901,TURKEY,EO1H1730342015108110KF,L1GST,EO1,HYPERION,2015-04-18,2015 108 06:53:07,2015 108 06:57:26,1181,3351,37,118.957657,47.559218,22.7,37.74717,39.213884,37.728033,39.310433,36.867657,38.920843,36.849027,39.017021,WGS84,WGS84,30.0,UTM,SRTM-2,40,80,Y,Y,N,TURKEY,1181x3351
902,TURKEY,EO1H1730342015124110PF,L1GST,EO1,HYPERION,2015-05-04,2015 124 06:43:54,2015 124 06:48:13,1041,3231,37,111.566262,49.83664,9.7082,37.734207,39.204312,37.719165,39.288269,36.882275,38.943384,36.867416,39.026452,WGS84,WGS84,30.0,UTM,SRTM-2,40,80,Y,Y,N,TURKEY,1041x3231
903,TURKEY,EO1H1730342015140110KF,L1GST,EO1,HYPERION,2015-05-20,2015 140 06:34:20,2015 140 06:38:38,961,3241,37,104.416724,50.532966,-4.9923,37.709902,39.185527,37.696498,39.2681,36.852799,38.946098,36.83956,39.028119,WGS84,WGS84,30.0,UTM,SRTM-2,40,80,Y,Y,N,TURKEY,961x3241
904,TURKEY,EO1H1730342015151110PF,L1GST,EO1,HYPERION,2015-05-31,2015 151 06:39:44,2015 151 06:44:02,1041,3291,37,102.711364,52.451717,6.4979,37.709075,39.195732,37.694581,39.278645,36.840352,38.934329,36.82604,39.016681,WGS84,WGS84,30.0,UTM,SRTM-2,40,80,Y,Y,N,TURKEY,1041x3291
905,TURKEY,EO1H1730342015167110KF,L1GST,EO1,HYPERION,2015-06-16,2015 167 06:29:42,2015 167 06:34:01,951,3241,37,98.131917,50.677483,-8.9671,37.688016,39.175269,37.674885,39.259519,36.830892,38.942749,36.817926,39.026091,WGS84,WGS84,30.0,UTM,SRTM-2,40,80,Y,Y,N,TURKEY,951x3241
906,TURKEY,EO1H1730342015175110KF,L1GST,EO1,HYPERION,2015-06-24,2015 175 06:24:34,2015 175 06:28:53,951,3301,37,96.837055,49.363338,-16.592,37.733171,39.176403,37.720027,39.266485,36.859833,38.952148,36.846588,39.04157,WGS84,WGS84,30.0,UTM,SRTM-2,40,80,Y,Y,N,TURKEY,951x3301
907,TURKEY,EO1H1730342015227110KF,L1GST,EO1,HYPERION,2015-08-15,2015 227 06:38:45,2015 227 06:43:04,1111,3301,37,110.46784,46.321223,16.917,37.637454,39.173442,37.6208,39.26239,36.769198,38.895731,36.75248,38.984064,WGS84,WGS84,30.0,UTM,SRTM-2,40,80,Y,Y,N,TURKEY,1111x3301
908,TURKEY,EO1H1730342015246110KF,L1GST,EO1,HYPERION,2015-09-03,2015 246 06:37:58,2015 246 06:42:17,1121,3241,37,118.151495,42.743599,18.358,37.597721,39.161459,37.58026,39.252737,36.747283,38.88635,36.730032,38.977346,WGS84,WGS84,30.0,UTM,SRTM-2,40,80,Y,Y,N,TURKEY,1121x3241
909,TURKEY,EO1H1730342015254110PF,L1GST,EO1,HYPERION,2015-09-11,2015 254 06:32:29,2015 254 06:36:48,1061,3301,37,120.2819,40.130304,10.369,37.608535,39.162839,37.593522,39.247004,36.738909,38.895775,36.723812,38.979705,WGS84,WGS84,30.0,UTM,SRTM-2,40,80,Y,Y,N,TURKEY,1061x3301
910,TURKEY,EO1H1730342015262110PF,L1GST,EO1,HYPERION,2015-09-19,2015 262 06:26:56,2015 262 06:31:15,1011,3291,37,122.369355,37.413686,1.8698,37.624218,39.163553,37.61029,39.245359,36.755148,38.910539,36.741934,38.991795,WGS84,WGS84,30.0,UTM,SRTM-2,40,80,Y,Y,N,TURKEY,1011x3291
911,TURKEY,EO1H1730342016174110KF,L1GST,EO1,HYPERION,2016-06-22,2016 174 05:49:46,2016 174 05:54:04,941,3261,37,91.085754,42.519706,-12.513,37.719107,39.178748,37.706242,39.264052,36.857399,38.951477,36.844697,39.03619,WGS84,WGS84,30.0,UTM,SRTM-2,40,80,Y,Y,N,TURKEY,941x3261
912,TURKEY,EO1H1730342016221110KF,L1GST,EO1,HYPERION,2016-08-08,2016 221 06:09:22,2016 221 06:13:41,1241,3241,37,102.169657,41.646364,29.311,37.644479,39.176532,37.621013,39.287891,36.798121,38.882577,36.775198,38.993462,WGS84,WGS84,30.0,UTM,SRTM-2,40,80,Y,Y,N,TURKEY,1241x3241
913,TURKEY,EO1H1730342016237110PF,L1GST,EO1,HYPERION,2016-08-24,2016 237 05:55:17,2016 237 05:59:35,1041,3241,37,105.334456,36.508165,10.374,37.656372,39.18029,37.641344,39.265184,36.803292,38.919229,36.78818,39.003224,WGS84,WGS84,30.0,UTM,SRTM-2,40,80,Y,Y,N,TURKEY,1041x3241
914,TURKEY,EO1H1770322015114110KF,L1GST,EO1,HYPERION,2015-04-24,2015 114 07:13:41,2015 114 07:18:00,1091,3231,36,118.265981,47.196038,11.426,40.204123,32.843163,40.188807,32.93052,39.354107,32.563302,39.338724,32.649304,WGS84,WGS84,30.0,UTM,SRTM-2,40,80,Y,Y,N,TURKEY,1091x3231
915,TURKEY,EO1H1770322015230110KF,L1GST,EO1,HYPERION,2015-08-18,2015 230 06:48:32,2015 230 06:52:52,1031,3531,36,110.350315,42.071254,-14.047,40.109435,32.787766,40.096324,32.877467,39.175843,32.532451,39.162924,32.621693,WGS84,WGS84,30.0,UTM,SRTM-2,40,80,Y,Y,N,TURKEY,1031x3531
916,TURKEY,EO1H1770322015249110KF,L1GST,EO1,HYPERION,2015-09-06,2015 249 06:47:43,2015 249 06:52:03,1021,3461,36,117.606583,38.239959,-12.319,40.088888,32.784664,40.075778,32.873282,39.174217,32.531421,39.161026,32.619621,WGS84,WGS84,30.0,UTM,SRTM-2,40,80,Y,Y,N,TURKEY,1021x3461
917,TURKEY,EO1H1770322016189110KF,L1GST,EO1,HYPERION,2016-07-07,2016 189 06:37:08,2016 189 06:41:26,1241,3311,36,97.663094,45.544112,23.909,40.128141,32.821159,40.107989,32.923916,39.26253,32.511707,39.242639,32.611885,WGS84,WGS84,30.0,UTM,SRTM-2,40,80,Y,Y,N,TURKEY,1241x3311
918,TURKEY,EO1H1770322016213110KF,L1GST,EO1,HYPERION,2016-07-31,2016 213 06:16:05,2016 213 06:20:25,1031,3461,36,98.361288,38.713284,-6.7883,40.121625,32.802864,40.108498,32.888006,39.206689,32.539546,39.19375,32.623967,WGS84,WGS84,30.0,UTM,SRTM-2,40,80,Y,Y,N,TURKEY,1031x3461
919,TURKEY,EO1H1770322016268110KF,L1GST,EO1,HYPERION,2016-09-24,2016 268 06:28:05,2016 268 06:32:23,1231,3301,36,120.5764,30.74753,23.843,40.082164,32.804038,40.061488,32.908839,39.217587,32.49534,39.197984,32.596845,WGS84,WGS84,30.0,UTM,SRTM-2,40,80,Y,Y,N,TURKEY,1231x3301
920,TURKEY,EO1H1770332013114110K3,L1GST,EO1,HYPERION,2013-04-24,2013 114 07:50:21,2013 114 07:54:41,1041,3511,36,128.508861,54.134126,-3.417,39.390028,33.446989,39.376704,33.530765,38.461309,33.173245,38.447643,33.255988,WGS84,WGS84,30.0,UTM,SRTM-2,40,80,Y,Y,N,TURKEY,1041x3511
921,TURKEY,EO1H1770332013164110K3,L1GST,EO1,HYPERION,2013-06-13,2013 164 07:46:32,2013 164 07:50:52,1001,3411,36,113.340068,60.483096,-5.9874,39.38707,33.442794,39.373473,33.527953,38.485899,33.182249,38.472495,33.265703,WGS84,WGS84,30.0,UTM,SRTM-2,40,80,Y,Y,N,TURKEY,1001x3411
922,TURKEY,EO1H1770332013251110K3,L1GST,EO1,HYPERION,2013-09-08,2013 251 07:40:42,2013 251 07:45:01,1041,3581,36,132.479986,46.939864,-8.7766,39.275282,33.408351,39.261981,33.493388,38.327521,33.141004,38.314686,33.224974,WGS84,WGS84,30.0,UTM,SRTM-2,40,80,Y,Y,N,TURKEY,1041x3581
923,TURKEY,EO1H1770332014266110KF,L1GST,EO1,HYPERION,2014-09-23,2014 266 07:11:59,2014 266 07:16:18,961,3311,36,130.579707,38.939161,-15.7,39.242693,33.449199,39.229062,33.540776,38.369581,33.217325,38.356134,33.307838,WGS84,WGS84,30.0,UTM,SRTM-2,40,80,Y,Y,N,TURKEY,961x3311
924,TURKEY,EO1H1770332015290110K1,L1GST,EO1,HYPERION,2015-10-17,2015 290 06:55:43,2015 290 07:00:03,1121,3411,36,134.578515,30.163713,14.042,39.265497,33.423244,39.249468,33.511726,38.3689,33.12838,38.353094,33.216171,WGS84,WGS84,30.0,UTM,SRTM-2,40,80,Y,Y,N,TURKEY,1121x3411
925,UKRAINE,EO1H1750262013127110K3,L1GST,EO1,HYPERION,2013-05-07,2013 127 07:41:10,2013 127 07:45:30,1161,3501,37,138.174297,52.664341,-1.1515,48.664609,38.438578,48.64993,38.535191,47.74004,38.083155,47.72538,38.178543,WGS84,WGS84,30.0,UTM,SRTM-2,40,80,Y,Y,N,UKRAINE,1161x3501
926,UKRAINE,EO1H1750262013314110K5,L1GST,EO1,HYPERION,2013-11-10,2013 314 07:20:06,2013 314 07:24:26,1071,3461,37,152.234484,20.464015,-17.842,48.466215,38.33284,48.451692,38.443285,47.553959,38.038552,47.539981,38.147934,WGS84,WGS84,30.0,UTM,SRTM-2,40,80,Y,Y,N,UKRAINE,1071x3461
927,UKRAINE,EO1H1750262014204110KF,L1GST,EO1,HYPERION,2014-07-23,2014 204 06:54:31,2014 204 06:58:50,981,3301,37,118.236998,48.07973,-27.642,48.651873,38.72024,48.636739,38.851717,47.781637,38.474094,47.766507,38.603833,WGS84,WGS84,30.0,UTM,SRTM-2,40,80,Y,Y,N,UKRAINE,981x3301
928,UKRAINE,EO1H1750262014263110K5,L1GST,EO1,HYPERION,2014-09-20,2014 263 06:57:41,2014 263 07:02:00,1061,3511,37,135.923533,34.125713,-20.262,48.552713,38.356097,48.538184,38.46997,47.62517,38.064798,47.610921,38.177515,WGS84,WGS84,30.0,UTM,SRTM-2,40,80,Y,Y,N,UKRAINE,1061x3511
929,UKRAINE,EO1H1750262014274110K3,L1GST,EO1,HYPERION,2014-10-01,2014 274 07:07:47,2014 274 07:12:07,1141,3491,37,141.859444,31.816476,-4.6499,48.513147,38.375669,48.498529,38.474039,47.589835,38.035503,47.575769,38.132613,WGS84,WGS84,30.0,UTM,SRTM-2,40,80,Y,Y,N,UKRAINE,1141x3491
930,UKRAINE,EO1H1750262014279110K5,L1GST,EO1,HYPERION,2014-10-06,2014 279 06:54:36,2014 279 06:58:55,1061,3531,37,139.747304,28.857165,-22.584,48.509404,38.333905,48.494388,38.454184,47.577283,38.051687,47.562812,38.169089,WGS84,WGS84,30.0,UTM,SRTM-2,40,80,Y,Y,N,UKRAINE,1061x3531
931,UKRAINE,EO1H1750262014325110K3,L1GST,EO1,HYPERION,2014-11-21,2014 325 07:07:20,2014 325 07:11:39,1181,3511,37,149.777373,16.718727,0.5539,48.503995,38.380246,48.488826,38.476982,47.577852,38.022958,47.56297,38.118073,WGS84,WGS84,30.0,UTM,SRTM-2,40,80,Y,Y,N,UKRAINE,1181x3511
932,UKRAINE,EO1H1750262016259110K3,L1GST,EO1,HYPERION,2016-09-15,2016 259 05:57:12,2016 259 06:01:32,1101,3441,37,119.519003,27.388313,-6.3693,48.565594,38.392105,48.551236,38.491378,47.657304,38.066224,47.643488,38.164242,WGS84,WGS84,30.0,UTM,SRTM-2,40,80,Y,Y,N,UKRAINE,1101x3441
933,UKRAINE,EO1H1750262016300110K3,L1GST,EO1,HYPERION,2016-10-26,2016 300 05:56:41,2016 300 06:01:00,1181,3561,37,130.986336,15.957402,0.1825,48.489944,38.377168,48.475311,38.472657,47.547319,38.019539,47.533244,38.113789,WGS84,WGS84,30.0,UTM,SRTM-2,40,80,Y,Y,N,UKRAINE,1181x3561
934,UKRAINE,EO1H1750272013277110K5,L1GST,EO1,HYPERION,2013-10-04,2013 277 07:21:51,2013 277 07:26:10,1071,3521,37,146.586859,32.381574,-17.459,48.283969,38.477156,48.26957,38.585549,47.355001,38.176045,47.340879,38.283393,WGS84,WGS84,30.0,UTM,SRTM-2,40,80,Y,Y,N,UKRAINE,1071x3521
935,UKRAINE,EO1H1750272013306110K5,L1GST,EO1,HYPERION,2013-11-02,2013 306 07:18:02,2013 306 07:22:22,1041,3451,37,151.070395,22.7897,-20.206,48.262037,38.462029,48.247137,38.576841,47.350958,38.176905,47.336603,38.290196,WGS84,WGS84,30.0,UTM,SRTM-2,40,80,Y,Y,N,UKRAINE,1041x3451
936,UKRAINE,EO1H1780262013130110K4,L1GST,EO1,HYPERION,2013-05-10,2013 130 07:54:42,2013 130 07:59:02,1041,3461,36,137.569751,53.06257,-2.8778,48.992424,34.840173,48.977332,34.937923,48.081943,34.491945,48.067162,34.588075,WGS84,WGS84,30.0,UTM,SRTM-2,40,80,Y,Y,N,UKRAINE,1041x3461
937,UKRAINE,EO1H1780262013201110K4,L1GST,EO1,HYPERION,2013-07-20,2013 201 07:45:31,2013 201 07:49:50,991,3471,36,128.524393,53.264915,-11.272,48.944699,34.803191,48.930077,34.907011,48.034288,34.482519,48.019428,34.584987,WGS84,WGS84,30.0,UTM,SRTM-2,40,80,Y,Y,N,UKRAINE,991x3471
938,UKRAINE,EO1H1780262015214110K4,L1GST,EO1,HYPERION,2015-08-02,2015 214 06:56:56,2015 214 07:01:16,1031,3531,36,116.952364,44.235862,-4.3476,48.943914,34.818721,48.929388,34.915995,48.01498,34.472714,48.000756,34.568741,WGS84,WGS84,30.0,UTM,SRTM-2,40,80,Y,Y,N,UKRAINE,1031x3531
939,UKRAINE,EO1H1780262015260110K4,L1GST,EO1,HYPERION,2015-09-17,2015 260 06:49:52,2015 260 06:54:12,991,3461,36,129.298811,32.109702,-8.3245,48.908103,34.796139,48.893536,34.897025,47.997732,34.470616,47.983455,34.570623,WGS84,WGS84,30.0,UTM,SRTM-2,40,80,Y,Y,N,UKRAINE,991x3461
940,UKRAINE,EO1H1780262016194110K4,L1GST,EO1,HYPERION,2016-07-12,2016 194 06:18:12,2016 194 06:22:31,1011,3591,36,104.203025,41.380123,-8.3685,49.016989,34.839852,49.002678,34.939317,48.071284,34.502109,48.057281,34.599847,WGS84,WGS84,30.0,UTM,SRTM-2,40,80,Y,Y,N,UKRAINE,1011x3591
941,UKRAINE,EO1H1810252013112110KF,L1GST,EO1,HYPERION,2013-04-22,2013 112 08:10:54,2013 112 08:15:13,1151,3211,36,141.360279,46.200777,-10.86,50.991082,30.226482,50.976586,30.333682,50.140459,29.905118,50.126235,30.010897,WGS84,WGS84,30.0,UTM,GTOPO30,40,80,Y,Y,N,UKRAINE,1151x3211
942,UKRAINE,EO1H1810252013117110KF,L1GST,EO1,HYPERION,2013-04-27,2013 117 08:00:56,2013 117 08:05:15,1101,3291,36,137.483153,46.70304,-23.517,51.040672,30.201284,51.025573,30.328302,50.171361,29.920349,50.156808,30.045513,WGS84,WGS84,30.0,UTM,GTOPO30,40,80,Y,Y,N,UKRAINE,1101x3291
943,UKRAINE,EO1H1810252013128110PF,L1GST,EO1,HYPERION,2013-05-08,2013 128 08:17:59,2013 128 08:22:18,1211,3191,36,140.90077,51.814877,0.4317,50.575155,30.133599,50.559779,30.234006,49.730638,29.781799,49.715533,29.880537,WGS84,WGS84,30.0,UTM,GTOPO30,40,80,Y,Y,N,UKRAINE,1211x3191
944,UKRAINE,EO1H1810252013157110K3,L1GST,EO1,HYPERION,2013-06-06,2013 157 08:17:23,2013 157 08:21:49,1771,4941,36,136.160767,56.207343,1.4749,51.218025,30.355034,51.202217,30.457245,49.895778,29.790039,49.880414,29.889574,WGS84,WGS84,30.0,UTM,GTOPO30,40,80,Y,Y,N,UKRAINE,1771x4941
945,UKRAINE,EO1H1810252014211110KF,L1GST,EO1,HYPERION,2014-07-30,2014 211 07:54:23,2014 211 07:58:41,1011,3301,35,128.729163,49.194817,4.5405,50.527046,30.120931,50.510526,30.22216,49.664971,29.750507,49.648531,29.85007,WGS84,WGS84,30.0,UTM,GTOPO30,40,80,Y,Y,N,UKRAINE,1011x3301
946,UKRAINE,EO1H1820252015304110KF,L1GST,EO1,HYPERION,2015-10-31,2015 304 07:07:03,2015 304 07:11:22,911,3251,35,140.453139,17.025765,-9.6463,51.054077,29.868982,51.039308,29.974099,50.2021,29.546242,50.187638,29.650017,WGS84,WGS84,30.0,UTM,GTOPO30,40,80,Y,Y,N,UKRAINE,911x3251
